group_id,class_id,class_name,class_name_upper,has_name
1,1,Version,VERSION,FALSE
1,2,SimulationControl,SIMULATIONCONTROL,FALSE
1,3,Building,BUILDING,TRUE
1,4,PerformancePrecisionTradeoffs,PERFORMANCEPRECISIONTRADEOFFS,FALSE
1,5,ShadowCalculation,SHADOWCALCULATION,FALSE
1,6,SurfaceConvectionAlgorithm:Inside,SURFACECONVECTIONALGORITHM:INSIDE,FALSE
1,7,SurfaceConvectionAlgorithm:Outside,SURFACECONVECTIONALGORITHM:OUTSIDE,FALSE
1,8,HeatBalanceAlgorithm,HEATBALANCEALGORITHM,FALSE
1,9,HeatBalanceSettings:ConductionFiniteDifference,HEATBALANCESETTINGS:CONDUCTIONFINITEDIFFERENCE,FALSE
1,10,ZoneAirHeatBalanceAlgorithm,ZONEAIRHEATBALANCEALGORITHM,FALSE
1,11,ZoneAirContaminantBalance,ZONEAIRCONTAMINANTBALANCE,FALSE
1,12,ZoneCapacitanceMultiplier:ResearchSpecial,ZONECAPACITANCEMULTIPLIER:RESEARCHSPECIAL,FALSE
1,13,ZoneAirMassFlowConservation,ZONEAIRMASSFLOWCONSERVATION,FALSE
1,14,Timestep,TIMESTEP,FALSE
1,15,ConvergenceLimits,CONVERGENCELIMITS,FALSE
1,16,ProgramControl,PROGRAMCONTROL,FALSE
1,17,HVACSystemRootFindingAlgorithm,HVACSYSTEMROOTFINDINGALGORITHM,FALSE
2,18,Compliance:Building,COMPLIANCE:BUILDING,FALSE
3,19,Site:Location,SITE:LOCATION,TRUE
3,20,SizingPeriod:DesignDay,SIZINGPERIOD:DESIGNDAY,TRUE
3,21,SizingPeriod:WeatherFileDays,SIZINGPERIOD:WEATHERFILEDAYS,TRUE
3,22,Site:VariableLocation,SITE:VARIABLELOCATION,TRUE
3,23,SizingPeriod:WeatherFileConditionType,SIZINGPERIOD:WEATHERFILECONDITIONTYPE,TRUE
3,24,RunPeriod,RUNPERIOD,TRUE
3,25,RunPeriod:CustomRange,RUNPERIOD:CUSTOMRANGE,TRUE
3,26,RunPeriodControl:SpecialDays,RUNPERIODCONTROL:SPECIALDAYS,TRUE
3,27,RunPeriodControl:DaylightSavingTime,RUNPERIODCONTROL:DAYLIGHTSAVINGTIME,FALSE
3,28,WeatherProperty:SkyTemperature,WEATHERPROPERTY:SKYTEMPERATURE,FALSE
3,29,Site:WeatherStation,SITE:WEATHERSTATION,FALSE
3,30,Site:HeightVariation,SITE:HEIGHTVARIATION,FALSE
3,31,Site:GroundTemperature:BuildingSurface,SITE:GROUNDTEMPERATURE:BUILDINGSURFACE,FALSE
3,32,Site:GroundTemperature:FCfactorMethod,SITE:GROUNDTEMPERATURE:FCFACTORMETHOD,FALSE
3,33,Site:GroundTemperature:Shallow,SITE:GROUNDTEMPERATURE:SHALLOW,FALSE
3,34,Site:GroundTemperature:Deep,SITE:GROUNDTEMPERATURE:DEEP,FALSE
3,35,Site:GroundReflectance,SITE:GROUNDREFLECTANCE,FALSE
3,36,Site:GroundReflectance:SnowModifier,SITE:GROUNDREFLECTANCE:SNOWMODIFIER,FALSE
3,37,Site:GroundDomain,SITE:GROUNDDOMAIN,TRUE
3,38,Site:GroundDomain:Slab,SITE:GROUNDDOMAIN:SLAB,TRUE
3,39,Site:GroundTemperature:Undisturbed:FiniteDifference,SITE:GROUNDTEMPERATURE:UNDISTURBED:FINITEDIFFERENCE,TRUE
3,40,Site:WaterMainsTemperature,SITE:WATERMAINSTEMPERATURE,FALSE
3,41,Site:GroundDomain:Basement,SITE:GROUNDDOMAIN:BASEMENT,TRUE
3,42,Site:GroundTemperature:Undisturbed:KusudaAchenbach,SITE:GROUNDTEMPERATURE:UNDISTURBED:KUSUDAACHENBACH,TRUE
3,43,Site:Precipitation,SITE:PRECIPITATION,FALSE
3,44,Site:GroundTemperature:Undisturbed:Xing,SITE:GROUNDTEMPERATURE:UNDISTURBED:XING,TRUE
3,45,RoofIrrigation,ROOFIRRIGATION,FALSE
3,46,Site:SolarAndVisibleSpectrum,SITE:SOLARANDVISIBLESPECTRUM,TRUE
3,47,Site:SpectrumData,SITE:SPECTRUMDATA,TRUE
4,48,ScheduleTypeLimits,SCHEDULETYPELIMITS,TRUE
4,49,Schedule:Day:Hourly,SCHEDULE:DAY:HOURLY,TRUE
4,50,Schedule:Day:Interval,SCHEDULE:DAY:INTERVAL,TRUE
4,51,Schedule:Day:List,SCHEDULE:DAY:LIST,TRUE
4,52,Schedule:Week:Daily,SCHEDULE:WEEK:DAILY,TRUE
4,53,Schedule:Week:Compact,SCHEDULE:WEEK:COMPACT,TRUE
4,54,Schedule:Year,SCHEDULE:YEAR,TRUE
4,55,Schedule:Compact,SCHEDULE:COMPACT,TRUE
4,56,Schedule:Constant,SCHEDULE:CONSTANT,TRUE
4,57,Schedule:File,SCHEDULE:FILE,TRUE
4,58,Schedule:File:Shading,SCHEDULE:FILE:SHADING,FALSE
5,59,Material,MATERIAL,TRUE
5,60,Material:NoMass,MATERIAL:NOMASS,TRUE
5,61,Material:InfraredTransparent,MATERIAL:INFRAREDTRANSPARENT,TRUE
5,62,Material:AirGap,MATERIAL:AIRGAP,TRUE
5,63,Material:RoofVegetation,MATERIAL:ROOFVEGETATION,TRUE
5,64,WindowMaterial:SimpleGlazingSystem,WINDOWMATERIAL:SIMPLEGLAZINGSYSTEM,TRUE
5,65,WindowMaterial:Glazing,WINDOWMATERIAL:GLAZING,TRUE
5,66,WindowMaterial:GlazingGroup:Thermochromic,WINDOWMATERIAL:GLAZINGGROUP:THERMOCHROMIC,TRUE
5,67,WindowMaterial:Glazing:RefractionExtinctionMethod,WINDOWMATERIAL:GLAZING:REFRACTIONEXTINCTIONMETHOD,TRUE
5,68,WindowMaterial:Gas,WINDOWMATERIAL:GAS,TRUE
5,69,WindowGap:SupportPillar,WINDOWGAP:SUPPORTPILLAR,TRUE
5,70,WindowGap:DeflectionState,WINDOWGAP:DEFLECTIONSTATE,TRUE
5,71,WindowMaterial:GasMixture,WINDOWMATERIAL:GASMIXTURE,TRUE
5,72,WindowMaterial:Gap,WINDOWMATERIAL:GAP,TRUE
5,73,WindowMaterial:Shade,WINDOWMATERIAL:SHADE,TRUE
5,74,WindowMaterial:ComplexShade,WINDOWMATERIAL:COMPLEXSHADE,TRUE
5,75,WindowMaterial:Blind,WINDOWMATERIAL:BLIND,TRUE
5,76,WindowMaterial:Screen,WINDOWMATERIAL:SCREEN,TRUE
5,77,MaterialProperty:MoisturePenetrationDepth:Settings,MATERIALPROPERTY:MOISTUREPENETRATIONDEPTH:SETTINGS,FALSE
5,78,MaterialProperty:PhaseChange,MATERIALPROPERTY:PHASECHANGE,FALSE
5,79,MaterialProperty:VariableThermalConductivity,MATERIALPROPERTY:VARIABLETHERMALCONDUCTIVITY,FALSE
5,80,WindowMaterial:Shade:EquivalentLayer,WINDOWMATERIAL:SHADE:EQUIVALENTLAYER,TRUE
5,81,MaterialProperty:HeatAndMoistureTransfer:Settings,MATERIALPROPERTY:HEATANDMOISTURETRANSFER:SETTINGS,FALSE
5,82,WindowMaterial:Drape:EquivalentLayer,WINDOWMATERIAL:DRAPE:EQUIVALENTLAYER,TRUE
5,83,MaterialProperty:HeatAndMoistureTransfer:SorptionIsotherm,MATERIALPROPERTY:HEATANDMOISTURETRANSFER:SORPTIONISOTHERM,FALSE
5,84,WindowMaterial:Blind:EquivalentLayer,WINDOWMATERIAL:BLIND:EQUIVALENTLAYER,TRUE
5,85,MaterialProperty:HeatAndMoistureTransfer:Suction,MATERIALPROPERTY:HEATANDMOISTURETRANSFER:SUCTION,FALSE
5,86,WindowMaterial:Screen:EquivalentLayer,WINDOWMATERIAL:SCREEN:EQUIVALENTLAYER,TRUE
5,87,MaterialProperty:HeatAndMoistureTransfer:Redistribution,MATERIALPROPERTY:HEATANDMOISTURETRANSFER:REDISTRIBUTION,FALSE
5,88,WindowMaterial:Glazing:EquivalentLayer,WINDOWMATERIAL:GLAZING:EQUIVALENTLAYER,TRUE
5,89,MaterialProperty:HeatAndMoistureTransfer:Diffusion,MATERIALPROPERTY:HEATANDMOISTURETRANSFER:DIFFUSION,FALSE
5,90,Construction:WindowEquivalentLayer,CONSTRUCTION:WINDOWEQUIVALENTLAYER,TRUE
5,91,MaterialProperty:HeatAndMoistureTransfer:ThermalConductivity,MATERIALPROPERTY:HEATANDMOISTURETRANSFER:THERMALCONDUCTIVITY,FALSE
5,92,WindowMaterial:Gap:EquivalentLayer,WINDOWMATERIAL:GAP:EQUIVALENTLAYER,TRUE
5,93,MaterialProperty:GlazingSpectralData,MATERIALPROPERTY:GLAZINGSPECTRALDATA,TRUE
5,94,Construction,CONSTRUCTION,TRUE
5,95,Construction:CfactorUndergroundWall,CONSTRUCTION:CFACTORUNDERGROUNDWALL,TRUE
5,96,Construction:FfactorGroundFloor,CONSTRUCTION:FFACTORGROUNDFLOOR,TRUE
5,97,Construction:InternalSource,CONSTRUCTION:INTERNALSOURCE,TRUE
5,98,WindowThermalModel:Params,WINDOWTHERMALMODEL:PARAMS,TRUE
5,99,Construction:ComplexFenestrationState,CONSTRUCTION:COMPLEXFENESTRATIONSTATE,TRUE
5,100,Construction:WindowDataFile,CONSTRUCTION:WINDOWDATAFILE,TRUE
5,101,MaterialProperty:PhaseChangeHysteresis,MATERIALPROPERTY:PHASECHANGEHYSTERESIS,FALSE
5,102,WindowsCalculationEngine,WINDOWSCALCULATIONENGINE,FALSE
5,103,Construction:AirBoundary,CONSTRUCTION:AIRBOUNDARY,TRUE
6,104,GlobalGeometryRules,GLOBALGEOMETRYRULES,FALSE
6,105,GeometryTransform,GEOMETRYTRANSFORM,FALSE
6,106,Zone,ZONE,TRUE
6,107,ZoneList,ZONELIST,TRUE
6,108,ZoneGroup,ZONEGROUP,TRUE
6,109,BuildingSurface:Detailed,BUILDINGSURFACE:DETAILED,TRUE
6,110,Wall:Detailed,WALL:DETAILED,TRUE
6,111,RoofCeiling:Detailed,ROOFCEILING:DETAILED,TRUE
6,112,Floor:Detailed,FLOOR:DETAILED,TRUE
6,113,Wall:Exterior,WALL:EXTERIOR,TRUE
6,114,Wall:Adiabatic,WALL:ADIABATIC,TRUE
6,115,Wall:Underground,WALL:UNDERGROUND,TRUE
6,116,Wall:Interzone,WALL:INTERZONE,TRUE
6,117,Roof,ROOF,TRUE
6,118,Ceiling:Adiabatic,CEILING:ADIABATIC,TRUE
6,119,Ceiling:Interzone,CEILING:INTERZONE,TRUE
6,120,Floor:GroundContact,FLOOR:GROUNDCONTACT,TRUE
6,121,Floor:Adiabatic,FLOOR:ADIABATIC,TRUE
6,122,Floor:Interzone,FLOOR:INTERZONE,TRUE
6,123,FenestrationSurface:Detailed,FENESTRATIONSURFACE:DETAILED,TRUE
6,124,Window,WINDOW,TRUE
6,125,Door,DOOR,TRUE
6,126,GlazedDoor,GLAZEDDOOR,TRUE
6,127,Window:Interzone,WINDOW:INTERZONE,TRUE
6,128,Door:Interzone,DOOR:INTERZONE,TRUE
6,129,GlazedDoor:Interzone,GLAZEDDOOR:INTERZONE,TRUE
6,130,WindowProperty:ShadingControl,WINDOWPROPERTY:SHADINGCONTROL,TRUE
6,131,WindowProperty:FrameAndDivider,WINDOWPROPERTY:FRAMEANDDIVIDER,TRUE
6,132,WindowProperty:AirflowControl,WINDOWPROPERTY:AIRFLOWCONTROL,FALSE
6,133,WindowProperty:StormWindow,WINDOWPROPERTY:STORMWINDOW,FALSE
6,134,InternalMass,INTERNALMASS,TRUE
6,135,Shading:Site,SHADING:SITE,TRUE
6,136,Shading:Building,SHADING:BUILDING,TRUE
6,137,Shading:Site:Detailed,SHADING:SITE:DETAILED,TRUE
6,138,Shading:Building:Detailed,SHADING:BUILDING:DETAILED,TRUE
6,139,Shading:Overhang,SHADING:OVERHANG,TRUE
6,140,Shading:Overhang:Projection,SHADING:OVERHANG:PROJECTION,TRUE
6,141,Shading:Fin,SHADING:FIN,TRUE
6,142,Shading:Fin:Projection,SHADING:FIN:PROJECTION,TRUE
6,143,Shading:Zone:Detailed,SHADING:ZONE:DETAILED,TRUE
6,144,ShadingProperty:Reflectance,SHADINGPROPERTY:REFLECTANCE,FALSE
6,145,WindowShadingControl,WINDOWSHADINGCONTROL,TRUE
7,146,SurfaceProperty:HeatTransferAlgorithm,SURFACEPROPERTY:HEATTRANSFERALGORITHM,FALSE
7,147,SurfaceProperty:HeatTransferAlgorithm:MultipleSurface,SURFACEPROPERTY:HEATTRANSFERALGORITHM:MULTIPLESURFACE,TRUE
7,148,SurfaceProperty:HeatTransferAlgorithm:SurfaceList,SURFACEPROPERTY:HEATTRANSFERALGORITHM:SURFACELIST,TRUE
7,149,SurfaceProperty:HeatTransferAlgorithm:Construction,SURFACEPROPERTY:HEATTRANSFERALGORITHM:CONSTRUCTION,TRUE
7,150,SurfaceControl:MovableInsulation,SURFACECONTROL:MOVABLEINSULATION,FALSE
7,151,SurfaceProperty:OtherSideCoefficients,SURFACEPROPERTY:OTHERSIDECOEFFICIENTS,TRUE
7,152,SurfaceProperty:OtherSideConditionsModel,SURFACEPROPERTY:OTHERSIDECONDITIONSMODEL,TRUE
7,153,SurfaceConvectionAlgorithm:Inside:AdaptiveModelSelections,SURFACECONVECTIONALGORITHM:INSIDE:ADAPTIVEMODELSELECTIONS,TRUE
7,154,SurfaceConvectionAlgorithm:Outside:AdaptiveModelSelections,SURFACECONVECTIONALGORITHM:OUTSIDE:ADAPTIVEMODELSELECTIONS,TRUE
7,155,SurfaceConvectionAlgorithm:Inside:UserCurve,SURFACECONVECTIONALGORITHM:INSIDE:USERCURVE,TRUE
7,156,SurfaceConvectionAlgorithm:Outside:UserCurve,SURFACECONVECTIONALGORITHM:OUTSIDE:USERCURVE,TRUE
7,157,SurfaceProperty:ConvectionCoefficients,SURFACEPROPERTY:CONVECTIONCOEFFICIENTS,FALSE
7,158,SurfaceProperty:ConvectionCoefficients:MultipleSurface,SURFACEPROPERTY:CONVECTIONCOEFFICIENTS:MULTIPLESURFACE,FALSE
7,159,SurfaceProperties:VaporCoefficients,SURFACEPROPERTIES:VAPORCOEFFICIENTS,FALSE
7,160,SurfaceProperty:ExteriorNaturalVentedCavity,SURFACEPROPERTY:EXTERIORNATURALVENTEDCAVITY,TRUE
7,161,ZoneProperty:UserViewFactors:bySurfaceName,ZONEPROPERTY:USERVIEWFACTORS:BYSURFACENAME,FALSE
7,162,Foundation:Kiva,FOUNDATION:KIVA,TRUE
7,163,Foundation:Kiva:Settings,FOUNDATION:KIVA:SETTINGS,FALSE
7,164,SurfaceProperty:HeatBalanceSourceTerm,SURFACEPROPERTY:HEATBALANCESOURCETERM,FALSE
7,165,SurfaceProperty:ExposedFoundationPerimeter,SURFACEPROPERTY:EXPOSEDFOUNDATIONPERIMETER,FALSE
7,166,SurfaceProperty:SolarIncidentInside,SURFACEPROPERTY:SOLARINCIDENTINSIDE,TRUE
7,167,SurfaceProperty:Underwater,SURFACEPROPERTY:UNDERWATER,TRUE
7,168,ComplexFenestrationProperty:SolarAbsorbedLayers,COMPLEXFENESTRATIONPROPERTY:SOLARABSORBEDLAYERS,TRUE
7,169,SurfaceProperty:LocalEnvironment,SURFACEPROPERTY:LOCALENVIRONMENT,TRUE
7,170,ZoneProperty:LocalEnvironment,ZONEPROPERTY:LOCALENVIRONMENT,TRUE
7,171,SurfaceProperty:SurroundingSurfaces,SURFACEPROPERTY:SURROUNDINGSURFACES,TRUE
7,172,ZoneProperty:UserViewFactors:BySurfaceName,ZONEPROPERTY:USERVIEWFACTORS:BYSURFACENAME,FALSE
8,173,GroundHeatTransfer:Control,GROUNDHEATTRANSFER:CONTROL,TRUE
8,174,GroundHeatTransfer:Slab:Materials,GROUNDHEATTRANSFER:SLAB:MATERIALS,FALSE
8,175,GroundHeatTransfer:Slab:MatlProps,GROUNDHEATTRANSFER:SLAB:MATLPROPS,FALSE
8,176,GroundHeatTransfer:Slab:BoundConds,GROUNDHEATTRANSFER:SLAB:BOUNDCONDS,FALSE
8,177,GroundHeatTransfer:Slab:BldgProps,GROUNDHEATTRANSFER:SLAB:BLDGPROPS,FALSE
8,178,GroundHeatTransfer:Slab:Insulation,GROUNDHEATTRANSFER:SLAB:INSULATION,FALSE
8,179,GroundHeatTransfer:Slab:EquivalentSlab,GROUNDHEATTRANSFER:SLAB:EQUIVALENTSLAB,FALSE
8,180,GroundHeatTransfer:Slab:AutoGrid,GROUNDHEATTRANSFER:SLAB:AUTOGRID,FALSE
8,181,GroundHeatTransfer:Slab:ManualGrid,GROUNDHEATTRANSFER:SLAB:MANUALGRID,FALSE
8,182,GroundHeatTransfer:Slab:XFACE,GROUNDHEATTRANSFER:SLAB:XFACE,FALSE
8,183,GroundHeatTransfer:Slab:YFACE,GROUNDHEATTRANSFER:SLAB:YFACE,FALSE
8,184,GroundHeatTransfer:Slab:ZFACE,GROUNDHEATTRANSFER:SLAB:ZFACE,FALSE
8,185,GroundHeatTransfer:Basement:SimParameters,GROUNDHEATTRANSFER:BASEMENT:SIMPARAMETERS,FALSE
8,186,GroundHeatTransfer:Basement:MatlProps,GROUNDHEATTRANSFER:BASEMENT:MATLPROPS,FALSE
8,187,GroundHeatTransfer:Basement:Insulation,GROUNDHEATTRANSFER:BASEMENT:INSULATION,FALSE
8,188,GroundHeatTransfer:Basement:SurfaceProps,GROUNDHEATTRANSFER:BASEMENT:SURFACEPROPS,FALSE
8,189,GroundHeatTransfer:Basement:BldgData,GROUNDHEATTRANSFER:BASEMENT:BLDGDATA,FALSE
8,190,GroundHeatTransfer:Basement:Interior,GROUNDHEATTRANSFER:BASEMENT:INTERIOR,FALSE
8,191,GroundHeatTransfer:Basement:ComBldg,GROUNDHEATTRANSFER:BASEMENT:COMBLDG,FALSE
8,192,GroundHeatTransfer:Basement:EquivSlab,GROUNDHEATTRANSFER:BASEMENT:EQUIVSLAB,FALSE
8,193,GroundHeatTransfer:Basement:EquivAutoGrid,GROUNDHEATTRANSFER:BASEMENT:EQUIVAUTOGRID,FALSE
8,194,GroundHeatTransfer:Basement:AutoGrid,GROUNDHEATTRANSFER:BASEMENT:AUTOGRID,FALSE
8,195,GroundHeatTransfer:Basement:ManualGrid,GROUNDHEATTRANSFER:BASEMENT:MANUALGRID,FALSE
8,196,GroundHeatTransfer:Basement:XFACE,GROUNDHEATTRANSFER:BASEMENT:XFACE,FALSE
8,197,GroundHeatTransfer:Basement:YFACE,GROUNDHEATTRANSFER:BASEMENT:YFACE,FALSE
8,198,GroundHeatTransfer:Basement:ZFACE,GROUNDHEATTRANSFER:BASEMENT:ZFACE,FALSE
9,199,RoomAirModelType,ROOMAIRMODELTYPE,TRUE
9,200,RoomAir:TemperaturePattern:UserDefined,ROOMAIR:TEMPERATUREPATTERN:USERDEFINED,TRUE
9,201,RoomAir:TemperaturePattern:ConstantGradient,ROOMAIR:TEMPERATUREPATTERN:CONSTANTGRADIENT,TRUE
9,202,RoomAir:TemperaturePattern:TwoGradient,ROOMAIR:TEMPERATUREPATTERN:TWOGRADIENT,TRUE
9,203,RoomAir:TemperaturePattern:NondimensionalHeight,ROOMAIR:TEMPERATUREPATTERN:NONDIMENSIONALHEIGHT,TRUE
9,204,RoomAir:TemperaturePattern:SurfaceMapping,ROOMAIR:TEMPERATUREPATTERN:SURFACEMAPPING,TRUE
9,205,RoomAir:Node,ROOMAIR:NODE,TRUE
9,206,RoomAirSettings:OneNodeDisplacementVentilation,ROOMAIRSETTINGS:ONENODEDISPLACEMENTVENTILATION,FALSE
9,207,RoomAirSettings:ThreeNodeDisplacementVentilation,ROOMAIRSETTINGS:THREENODEDISPLACEMENTVENTILATION,FALSE
9,208,RoomAirSettings:CrossVentilation,ROOMAIRSETTINGS:CROSSVENTILATION,FALSE
9,209,RoomAirSettings:UnderFloorAirDistributionInterior,ROOMAIRSETTINGS:UNDERFLOORAIRDISTRIBUTIONINTERIOR,FALSE
9,210,RoomAirSettings:UnderFloorAirDistributionExterior,ROOMAIRSETTINGS:UNDERFLOORAIRDISTRIBUTIONEXTERIOR,FALSE
9,211,RoomAir:Node:AirflowNetwork,ROOMAIR:NODE:AIRFLOWNETWORK,TRUE
9,212,RoomAir:Node:AirflowNetwork:AdjacentSurfaceList,ROOMAIR:NODE:AIRFLOWNETWORK:ADJACENTSURFACELIST,TRUE
9,213,RoomAir:Node:AirflowNetwork:InternalGains,ROOMAIR:NODE:AIRFLOWNETWORK:INTERNALGAINS,TRUE
9,214,RoomAir:Node:AirflowNetwork:HVACEquipment,ROOMAIR:NODE:AIRFLOWNETWORK:HVACEQUIPMENT,TRUE
9,215,RoomAirSettings:AirflowNetwork,ROOMAIRSETTINGS:AIRFLOWNETWORK,TRUE
10,216,People,PEOPLE,TRUE
10,217,ComfortViewFactorAngles,COMFORTVIEWFACTORANGLES,TRUE
10,218,Lights,LIGHTS,TRUE
10,219,ElectricEquipment,ELECTRICEQUIPMENT,TRUE
10,220,GasEquipment,GASEQUIPMENT,TRUE
10,221,HotWaterEquipment,HOTWATEREQUIPMENT,TRUE
10,222,SteamEquipment,STEAMEQUIPMENT,TRUE
10,223,OtherEquipment,OTHEREQUIPMENT,TRUE
10,224,ZoneBaseboard:OutdoorTemperatureControlled,ZONEBASEBOARD:OUTDOORTEMPERATURECONTROLLED,TRUE
10,225,ZoneContaminantSourceAndSink:CarbonDioxide,ZONECONTAMINANTSOURCEANDSINK:CARBONDIOXIDE,TRUE
10,226,ZoneContaminantSourceAndSink:Generic:Constant,ZONECONTAMINANTSOURCEANDSINK:GENERIC:CONSTANT,TRUE
10,227,SurfaceContaminantSourceAndSink:Generic:PressureDriven,SURFACECONTAMINANTSOURCEANDSINK:GENERIC:PRESSUREDRIVEN,TRUE
10,228,ZoneContaminantSourceAndSink:Generic:CutoffModel,ZONECONTAMINANTSOURCEANDSINK:GENERIC:CUTOFFMODEL,TRUE
10,229,ZoneContaminantSourceAndSink:Generic:DecaySource,ZONECONTAMINANTSOURCEANDSINK:GENERIC:DECAYSOURCE,TRUE
10,230,SurfaceContaminantSourceAndSink:Generic:BoundaryLayerDiffusion,SURFACECONTAMINANTSOURCEANDSINK:GENERIC:BOUNDARYLAYERDIFFUSION,TRUE
10,231,SurfaceContaminantSourceAndSink:Generic:DepositionVelocitySink,SURFACECONTAMINANTSOURCEANDSINK:GENERIC:DEPOSITIONVELOCITYSINK,TRUE
10,232,ZoneContaminantSourceAndSink:Generic:DepositionRateSink,ZONECONTAMINANTSOURCEANDSINK:GENERIC:DEPOSITIONRATESINK,TRUE
10,233,ElectricEquipment:ITE:AirCooled,ELECTRICEQUIPMENT:ITE:AIRCOOLED,TRUE
10,234,SwimmingPool:Indoor,SWIMMINGPOOL:INDOOR,TRUE
11,235,Daylighting:Controls,DAYLIGHTING:CONTROLS,FALSE
11,236,Daylighting:DELight:Controls,DAYLIGHTING:DELIGHT:CONTROLS,TRUE
11,237,Daylighting:DELight:ReferencePoint,DAYLIGHTING:DELIGHT:REFERENCEPOINT,TRUE
11,238,Daylighting:DELight:ComplexFenestration,DAYLIGHTING:DELIGHT:COMPLEXFENESTRATION,TRUE
11,239,DaylightingDevice:Tubular,DAYLIGHTINGDEVICE:TUBULAR,TRUE
11,240,DaylightingDevice:Shelf,DAYLIGHTINGDEVICE:SHELF,TRUE
11,241,DaylightingDevice:LightWell,DAYLIGHTINGDEVICE:LIGHTWELL,FALSE
11,242,Output:DaylightFactors,OUTPUT:DAYLIGHTFACTORS,FALSE
11,243,Output:IlluminanceMap,OUTPUT:ILLUMINANCEMAP,TRUE
11,244,OutputControl:IlluminanceMap:Style,OUTPUTCONTROL:ILLUMINANCEMAP:STYLE,FALSE
11,245,Daylighting:ReferencePoint,DAYLIGHTING:REFERENCEPOINT,TRUE
12,246,ZoneInfiltration:DesignFlowRate,ZONEINFILTRATION:DESIGNFLOWRATE,TRUE
12,247,ZoneInfiltration:EffectiveLeakageArea,ZONEINFILTRATION:EFFECTIVELEAKAGEAREA,TRUE
12,248,ZoneInfiltration:FlowCoefficient,ZONEINFILTRATION:FLOWCOEFFICIENT,TRUE
12,249,ZoneVentilation:DesignFlowRate,ZONEVENTILATION:DESIGNFLOWRATE,TRUE
12,250,ZoneVentilation:WindandStackOpenArea,ZONEVENTILATION:WINDANDSTACKOPENAREA,TRUE
12,251,ZoneAirBalance:OutdoorAir,ZONEAIRBALANCE:OUTDOORAIR,TRUE
12,252,ZoneMixing,ZONEMIXING,TRUE
12,253,ZoneCrossMixing,ZONECROSSMIXING,TRUE
12,254,ZoneRefrigerationDoorMixing,ZONEREFRIGERATIONDOORMIXING,TRUE
12,255,ZoneEarthtube,ZONEEARTHTUBE,FALSE
12,256,ZoneCoolTower:Shower,ZONECOOLTOWER:SHOWER,TRUE
12,257,ZoneThermalChimney,ZONETHERMALCHIMNEY,TRUE
13,258,AirflowNetwork:SimulationControl,AIRFLOWNETWORK:SIMULATIONCONTROL,TRUE
13,259,AirflowNetwork:MultiZone:Zone,AIRFLOWNETWORK:MULTIZONE:ZONE,FALSE
13,260,AirflowNetwork:MultiZone:Surface,AIRFLOWNETWORK:MULTIZONE:SURFACE,FALSE
13,261,AirflowNetwork:MultiZone:ReferenceCrackConditions,AIRFLOWNETWORK:MULTIZONE:REFERENCECRACKCONDITIONS,TRUE
13,262,AirflowNetwork:MultiZone:Surface:Crack,AIRFLOWNETWORK:MULTIZONE:SURFACE:CRACK,TRUE
13,263,AirflowNetwork:MultiZone:Surface:EffectiveLeakageArea,AIRFLOWNETWORK:MULTIZONE:SURFACE:EFFECTIVELEAKAGEAREA,TRUE
13,264,AirflowNetwork:MultiZone:Component:DetailedOpening,AIRFLOWNETWORK:MULTIZONE:COMPONENT:DETAILEDOPENING,TRUE
13,265,AirflowNetwork:MultiZone:Component:SimpleOpening,AIRFLOWNETWORK:MULTIZONE:COMPONENT:SIMPLEOPENING,TRUE
13,266,AirflowNetwork:MultiZone:Component:HorizontalOpening,AIRFLOWNETWORK:MULTIZONE:COMPONENT:HORIZONTALOPENING,TRUE
13,267,AirflowNetwork:MultiZone:Component:ZoneExhaustFan,AIRFLOWNETWORK:MULTIZONE:COMPONENT:ZONEEXHAUSTFAN,FALSE
13,268,AirflowNetwork:MultiZone:ExternalNode,AIRFLOWNETWORK:MULTIZONE:EXTERNALNODE,TRUE
13,269,AirflowNetwork:MultiZone:WindPressureCoefficientArray,AIRFLOWNETWORK:MULTIZONE:WINDPRESSURECOEFFICIENTARRAY,TRUE
13,270,AirflowNetwork:MultiZone:WindPressureCoefficientValues,AIRFLOWNETWORK:MULTIZONE:WINDPRESSURECOEFFICIENTVALUES,TRUE
13,271,AirflowNetwork:Distribution:Node,AIRFLOWNETWORK:DISTRIBUTION:NODE,TRUE
13,272,AirflowNetwork:Distribution:Component:Leak,AIRFLOWNETWORK:DISTRIBUTION:COMPONENT:LEAK,TRUE
13,273,AirflowNetwork:Distribution:Component:LeakageRatio,AIRFLOWNETWORK:DISTRIBUTION:COMPONENT:LEAKAGERATIO,TRUE
13,274,AirflowNetwork:Distribution:Component:Duct,AIRFLOWNETWORK:DISTRIBUTION:COMPONENT:DUCT,TRUE
13,275,AirflowNetwork:Distribution:Component:ConstantVolumeFan,AIRFLOWNETWORK:DISTRIBUTION:COMPONENT:CONSTANTVOLUMEFAN,FALSE
13,276,AirflowNetwork:Distribution:Component:Fan,AIRFLOWNETWORK:DISTRIBUTION:COMPONENT:FAN,FALSE
13,277,AirflowNetwork:Distribution:Component:Coil,AIRFLOWNETWORK:DISTRIBUTION:COMPONENT:COIL,FALSE
13,278,AirflowNetwork:Distribution:Component:HeatExchanger,AIRFLOWNETWORK:DISTRIBUTION:COMPONENT:HEATEXCHANGER,FALSE
13,279,AirflowNetwork:Distribution:Component:TerminalUnit,AIRFLOWNETWORK:DISTRIBUTION:COMPONENT:TERMINALUNIT,FALSE
13,280,AirflowNetwork:Distribution:Component:ConstantPressureDrop,AIRFLOWNETWORK:DISTRIBUTION:COMPONENT:CONSTANTPRESSUREDROP,TRUE
13,281,AirflowNetwork:Distribution:Linkage,AIRFLOWNETWORK:DISTRIBUTION:LINKAGE,TRUE
13,282,AirflowNetwork:ZoneControl:PressureController,AIRFLOWNETWORK:ZONECONTROL:PRESSURECONTROLLER,TRUE
13,283,AirflowNetwork:OccupantVentilationControl,AIRFLOWNETWORK:OCCUPANTVENTILATIONCONTROL,TRUE
13,284,AirflowNetwork:Distribution:Component:OutdoorAirFlow,AIRFLOWNETWORK:DISTRIBUTION:COMPONENT:OUTDOORAIRFLOW,TRUE
13,285,AirflowNetwork:Distribution:Component:ReliefAirFlow,AIRFLOWNETWORK:DISTRIBUTION:COMPONENT:RELIEFAIRFLOW,TRUE
13,286,AirflowNetwork:IntraZone:Node,AIRFLOWNETWORK:INTRAZONE:NODE,TRUE
13,287,AirflowNetwork:IntraZone:Linkage,AIRFLOWNETWORK:INTRAZONE:LINKAGE,TRUE
13,288,AirflowNetwork:Distribution:DuctViewFactors,AIRFLOWNETWORK:DISTRIBUTION:DUCTVIEWFACTORS,FALSE
14,289,Exterior:Lights,EXTERIOR:LIGHTS,TRUE
14,290,Exterior:FuelEquipment,EXTERIOR:FUELEQUIPMENT,TRUE
14,291,Exterior:WaterEquipment,EXTERIOR:WATEREQUIPMENT,TRUE
15,292,HVACTemplate:Thermostat,HVACTEMPLATE:THERMOSTAT,TRUE
15,293,HVACTemplate:Zone:IdealLoadsAirSystem,HVACTEMPLATE:ZONE:IDEALLOADSAIRSYSTEM,FALSE
15,294,HVACTemplate:Zone:FanCoil,HVACTEMPLATE:ZONE:FANCOIL,FALSE
15,295,HVACTemplate:Zone:PTAC,HVACTEMPLATE:ZONE:PTAC,FALSE
15,296,HVACTemplate:Zone:PTHP,HVACTEMPLATE:ZONE:PTHP,FALSE
15,297,HVACTemplate:Zone:Unitary,HVACTEMPLATE:ZONE:UNITARY,FALSE
15,298,HVACTemplate:Zone:VAV,HVACTEMPLATE:ZONE:VAV,FALSE
15,299,HVACTemplate:Zone:VAV:FanPowered,HVACTEMPLATE:ZONE:VAV:FANPOWERED,FALSE
15,300,HVACTemplate:Zone:WaterToAirHeatPump,HVACTEMPLATE:ZONE:WATERTOAIRHEATPUMP,FALSE
15,301,HVACTemplate:System:Unitary,HVACTEMPLATE:SYSTEM:UNITARY,TRUE
15,302,HVACTemplate:System:UnitaryHeatPump:AirToAir,HVACTEMPLATE:SYSTEM:UNITARYHEATPUMP:AIRTOAIR,TRUE
15,303,HVACTemplate:System:VAV,HVACTEMPLATE:SYSTEM:VAV,TRUE
15,304,HVACTemplate:System:PackagedVAV,HVACTEMPLATE:SYSTEM:PACKAGEDVAV,TRUE
15,305,HVACTemplate:System:DedicatedOutdoorAir,HVACTEMPLATE:SYSTEM:DEDICATEDOUTDOORAIR,TRUE
15,306,HVACTemplate:Zone:BaseboardHeat,HVACTEMPLATE:ZONE:BASEBOARDHEAT,FALSE
15,307,HVACTemplate:Plant:ChilledWaterLoop,HVACTEMPLATE:PLANT:CHILLEDWATERLOOP,TRUE
15,308,HVACTemplate:Plant:Chiller,HVACTEMPLATE:PLANT:CHILLER,TRUE
15,309,HVACTemplate:Plant:Chiller:ObjectReference,HVACTEMPLATE:PLANT:CHILLER:OBJECTREFERENCE,TRUE
15,310,HVACTemplate:Plant:Tower,HVACTEMPLATE:PLANT:TOWER,TRUE
15,311,HVACTemplate:Plant:Tower:ObjectReference,HVACTEMPLATE:PLANT:TOWER:OBJECTREFERENCE,TRUE
15,312,HVACTemplate:Zone:VRF,HVACTEMPLATE:ZONE:VRF,FALSE
15,313,HVACTemplate:Plant:HotWaterLoop,HVACTEMPLATE:PLANT:HOTWATERLOOP,TRUE
15,314,HVACTemplate:Plant:Boiler,HVACTEMPLATE:PLANT:BOILER,TRUE
15,315,HVACTemplate:Plant:Boiler:ObjectReference,HVACTEMPLATE:PLANT:BOILER:OBJECTREFERENCE,TRUE
15,316,HVACTemplate:Plant:MixedWaterLoop,HVACTEMPLATE:PLANT:MIXEDWATERLOOP,TRUE
15,317,HVACTemplate:Zone:VAV:HeatAndCool,HVACTEMPLATE:ZONE:VAV:HEATANDCOOL,FALSE
15,318,HVACTemplate:Zone:ConstantVolume,HVACTEMPLATE:ZONE:CONSTANTVOLUME,FALSE
15,319,HVACTemplate:Zone:DualDuct,HVACTEMPLATE:ZONE:DUALDUCT,FALSE
15,320,HVACTemplate:System:VRF,HVACTEMPLATE:SYSTEM:VRF,TRUE
15,321,HVACTemplate:System:UnitarySystem,HVACTEMPLATE:SYSTEM:UNITARYSYSTEM,TRUE
15,322,HVACTemplate:System:ConstantVolume,HVACTEMPLATE:SYSTEM:CONSTANTVOLUME,TRUE
15,323,HVACTemplate:System:DualDuct,HVACTEMPLATE:SYSTEM:DUALDUCT,TRUE
16,324,DesignSpecification:OutdoorAir,DESIGNSPECIFICATION:OUTDOORAIR,TRUE
16,325,DesignSpecification:ZoneAirDistribution,DESIGNSPECIFICATION:ZONEAIRDISTRIBUTION,TRUE
16,326,Sizing:Parameters,SIZING:PARAMETERS,FALSE
16,327,Sizing:Zone,SIZING:ZONE,FALSE
16,328,Sizing:System,SIZING:SYSTEM,FALSE
16,329,Sizing:Plant,SIZING:PLANT,FALSE
16,330,OutputControl:Sizing:Style,OUTPUTCONTROL:SIZING:STYLE,FALSE
16,331,DesignSpecification:ZoneHVAC:Sizing,DESIGNSPECIFICATION:ZONEHVAC:SIZING,TRUE
16,332,DesignSpecification:AirTerminal:Sizing,DESIGNSPECIFICATION:AIRTERMINAL:SIZING,TRUE
17,333,ZoneControl:Humidistat,ZONECONTROL:HUMIDISTAT,TRUE
17,334,ZoneControl:Thermostat,ZONECONTROL:THERMOSTAT,TRUE
17,335,ZoneControl:Thermostat:OperativeTemperature,ZONECONTROL:THERMOSTAT:OPERATIVETEMPERATURE,FALSE
17,336,ZoneControl:Thermostat:ThermalComfort,ZONECONTROL:THERMOSTAT:THERMALCOMFORT,TRUE
17,337,ZoneControl:Thermostat:TemperatureAndHumidity,ZONECONTROL:THERMOSTAT:TEMPERATUREANDHUMIDITY,FALSE
17,338,ThermostatSetpoint:SingleHeating,THERMOSTATSETPOINT:SINGLEHEATING,TRUE
17,339,ThermostatSetpoint:SingleCooling,THERMOSTATSETPOINT:SINGLECOOLING,TRUE
17,340,ThermostatSetpoint:SingleHeatingOrCooling,THERMOSTATSETPOINT:SINGLEHEATINGORCOOLING,TRUE
17,341,ThermostatSetpoint:DualSetpoint,THERMOSTATSETPOINT:DUALSETPOINT,TRUE
17,342,ThermostatSetpoint:ThermalComfort:Fanger:SingleHeating,THERMOSTATSETPOINT:THERMALCOMFORT:FANGER:SINGLEHEATING,TRUE
17,343,ThermostatSetpoint:ThermalComfort:Fanger:SingleCooling,THERMOSTATSETPOINT:THERMALCOMFORT:FANGER:SINGLECOOLING,TRUE
17,344,ThermostatSetpoint:ThermalComfort:Fanger:SingleHeatingOrCooling,THERMOSTATSETPOINT:THERMALCOMFORT:FANGER:SINGLEHEATINGORCOOLING,TRUE
17,345,ThermostatSetpoint:ThermalComfort:Fanger:DualSetpoint,THERMOSTATSETPOINT:THERMALCOMFORT:FANGER:DUALSETPOINT,TRUE
17,346,ZoneControl:ContaminantController,ZONECONTROL:CONTAMINANTCONTROLLER,TRUE
17,347,ZoneControl:Thermostat:StagedDualSetpoint,ZONECONTROL:THERMOSTAT:STAGEDDUALSETPOINT,TRUE
18,348,ZoneHVAC:IdealLoadsAirSystem,ZONEHVAC:IDEALLOADSAIRSYSTEM,TRUE
18,349,ZoneHVAC:FourPipeFanCoil,ZONEHVAC:FOURPIPEFANCOIL,TRUE
18,350,ZoneHVAC:WindowAirConditioner,ZONEHVAC:WINDOWAIRCONDITIONER,TRUE
18,351,ZoneHVAC:PackagedTerminalAirConditioner,ZONEHVAC:PACKAGEDTERMINALAIRCONDITIONER,TRUE
18,352,ZoneHVAC:PackagedTerminalHeatPump,ZONEHVAC:PACKAGEDTERMINALHEATPUMP,TRUE
18,353,ZoneHVAC:WaterToAirHeatPump,ZONEHVAC:WATERTOAIRHEATPUMP,TRUE
18,354,ZoneHVAC:Dehumidifier:DX,ZONEHVAC:DEHUMIDIFIER:DX,TRUE
18,355,ZoneHVAC:EnergyRecoveryVentilator,ZONEHVAC:ENERGYRECOVERYVENTILATOR,TRUE
18,356,ZoneHVAC:EnergyRecoveryVentilator:Controller,ZONEHVAC:ENERGYRECOVERYVENTILATOR:CONTROLLER,TRUE
18,357,ZoneHVAC:UnitVentilator,ZONEHVAC:UNITVENTILATOR,TRUE
18,358,ZoneHVAC:UnitHeater,ZONEHVAC:UNITHEATER,TRUE
18,359,ZoneHVAC:OutdoorAirUnit,ZONEHVAC:OUTDOORAIRUNIT,TRUE
18,360,ZoneHVAC:OutdoorAirUnit:EquipmentList,ZONEHVAC:OUTDOORAIRUNIT:EQUIPMENTLIST,TRUE
18,361,ZoneHVAC:TerminalUnit:VariableRefrigerantFlow,ZONEHVAC:TERMINALUNIT:VARIABLEREFRIGERANTFLOW,TRUE
18,362,ZoneHVAC:EvaporativeCoolerUnit,ZONEHVAC:EVAPORATIVECOOLERUNIT,TRUE
18,363,ZoneHVAC:HybridUnitaryHVAC,ZONEHVAC:HYBRIDUNITARYHVAC,TRUE
19,364,ZoneHVAC:Baseboard:RadiantConvective:Water,ZONEHVAC:BASEBOARD:RADIANTCONVECTIVE:WATER,TRUE
19,365,ZoneHVAC:Baseboard:RadiantConvective:Steam,ZONEHVAC:BASEBOARD:RADIANTCONVECTIVE:STEAM,TRUE
19,366,ZoneHVAC:Baseboard:RadiantConvective:Electric,ZONEHVAC:BASEBOARD:RADIANTCONVECTIVE:ELECTRIC,TRUE
19,367,ZoneHVAC:Baseboard:Convective:Water,ZONEHVAC:BASEBOARD:CONVECTIVE:WATER,TRUE
19,368,ZoneHVAC:Baseboard:Convective:Electric,ZONEHVAC:BASEBOARD:CONVECTIVE:ELECTRIC,TRUE
19,369,ZoneHVAC:LowTemperatureRadiant:VariableFlow,ZONEHVAC:LOWTEMPERATURERADIANT:VARIABLEFLOW,TRUE
19,370,ZoneHVAC:LowTemperatureRadiant:ConstantFlow,ZONEHVAC:LOWTEMPERATURERADIANT:CONSTANTFLOW,TRUE
19,371,ZoneHVAC:LowTemperatureRadiant:Electric,ZONEHVAC:LOWTEMPERATURERADIANT:ELECTRIC,TRUE
19,372,ZoneHVAC:LowTemperatureRadiant:SurfaceGroup,ZONEHVAC:LOWTEMPERATURERADIANT:SURFACEGROUP,TRUE
19,373,ZoneHVAC:HighTemperatureRadiant,ZONEHVAC:HIGHTEMPERATURERADIANT,TRUE
19,374,ZoneHVAC:VentilatedSlab,ZONEHVAC:VENTILATEDSLAB,TRUE
19,375,ZoneHVAC:VentilatedSlab:SlabGroup,ZONEHVAC:VENTILATEDSLAB:SLABGROUP,TRUE
19,376,ZoneHVAC:CoolingPanel:RadiantConvective:Water,ZONEHVAC:COOLINGPANEL:RADIANTCONVECTIVE:WATER,TRUE
20,377,AirTerminal:SingleDuct:Uncontrolled,AIRTERMINAL:SINGLEDUCT:UNCONTROLLED,TRUE
20,378,AirTerminal:SingleDuct:ConstantVolume:Reheat,AIRTERMINAL:SINGLEDUCT:CONSTANTVOLUME:REHEAT,TRUE
20,379,AirTerminal:SingleDuct:VAV:NoReheat,AIRTERMINAL:SINGLEDUCT:VAV:NOREHEAT,TRUE
20,380,AirTerminal:SingleDuct:VAV:Reheat,AIRTERMINAL:SINGLEDUCT:VAV:REHEAT,TRUE
20,381,AirTerminal:SingleDuct:VAV:Reheat:VariableSpeedFan,AIRTERMINAL:SINGLEDUCT:VAV:REHEAT:VARIABLESPEEDFAN,TRUE
20,382,AirTerminal:SingleDuct:VAV:HeatAndCool:NoReheat,AIRTERMINAL:SINGLEDUCT:VAV:HEATANDCOOL:NOREHEAT,TRUE
20,383,AirTerminal:SingleDuct:VAV:HeatAndCool:Reheat,AIRTERMINAL:SINGLEDUCT:VAV:HEATANDCOOL:REHEAT,TRUE
20,384,AirTerminal:SingleDuct:SeriesPIU:Reheat,AIRTERMINAL:SINGLEDUCT:SERIESPIU:REHEAT,TRUE
20,385,AirTerminal:SingleDuct:ParallelPIU:Reheat,AIRTERMINAL:SINGLEDUCT:PARALLELPIU:REHEAT,TRUE
20,386,AirTerminal:SingleDuct:ConstantVolume:FourPipeInduction,AIRTERMINAL:SINGLEDUCT:CONSTANTVOLUME:FOURPIPEINDUCTION,TRUE
20,387,AirTerminal:SingleDuct:ConstantVolume:CooledBeam,AIRTERMINAL:SINGLEDUCT:CONSTANTVOLUME:COOLEDBEAM,TRUE
20,388,AirTerminal:DualDuct:ConstantVolume,AIRTERMINAL:DUALDUCT:CONSTANTVOLUME,TRUE
20,389,AirTerminal:DualDuct:VAV,AIRTERMINAL:DUALDUCT:VAV,TRUE
20,390,AirTerminal:DualDuct:VAV:OutdoorAir,AIRTERMINAL:DUALDUCT:VAV:OUTDOORAIR,TRUE
20,391,ZoneHVAC:AirDistributionUnit,ZONEHVAC:AIRDISTRIBUTIONUNIT,TRUE
20,392,AirTerminal:SingleDuct:InletSideMixer,AIRTERMINAL:SINGLEDUCT:INLETSIDEMIXER,TRUE
20,393,AirTerminal:SingleDuct:SupplySideMixer,AIRTERMINAL:SINGLEDUCT:SUPPLYSIDEMIXER,TRUE
20,394,AirTerminal:SingleDuct:ConstantVolume:FourPipeBeam,AIRTERMINAL:SINGLEDUCT:CONSTANTVOLUME:FOURPIPEBEAM,TRUE
20,395,AirTerminal:SingleDuct:Mixer,AIRTERMINAL:SINGLEDUCT:MIXER,TRUE
20,396,AirTerminal:SingleDuct:ConstantVolume:NoReheat,AIRTERMINAL:SINGLEDUCT:CONSTANTVOLUME:NOREHEAT,TRUE
21,397,ZoneHVAC:EquipmentList,ZONEHVAC:EQUIPMENTLIST,TRUE
21,398,ZoneHVAC:EquipmentConnections,ZONEHVAC:EQUIPMENTCONNECTIONS,FALSE
22,399,Fan:ConstantVolume,FAN:CONSTANTVOLUME,TRUE
22,400,Fan:VariableVolume,FAN:VARIABLEVOLUME,TRUE
22,401,Fan:OnOff,FAN:ONOFF,TRUE
22,402,Fan:ZoneExhaust,FAN:ZONEEXHAUST,TRUE
22,403,FanPerformance:NightVentilation,FANPERFORMANCE:NIGHTVENTILATION,FALSE
22,404,Fan:ComponentModel,FAN:COMPONENTMODEL,TRUE
22,405,Fan:SystemModel,FAN:SYSTEMMODEL,TRUE
23,406,Coil:Cooling:Water,COIL:COOLING:WATER,TRUE
23,407,Coil:Cooling:Water:DetailedGeometry,COIL:COOLING:WATER:DETAILEDGEOMETRY,TRUE
23,408,Coil:Cooling:DX:SingleSpeed,COIL:COOLING:DX:SINGLESPEED,TRUE
23,409,Coil:Cooling:DX:TwoSpeed,COIL:COOLING:DX:TWOSPEED,TRUE
23,410,Coil:Cooling:DX:MultiSpeed,COIL:COOLING:DX:MULTISPEED,TRUE
23,411,Coil:Cooling:DX:VariableSpeed,COIL:COOLING:DX:VARIABLESPEED,TRUE
23,412,Coil:Cooling:DX:TwoStageWithHumidityControlMode,COIL:COOLING:DX:TWOSTAGEWITHHUMIDITYCONTROLMODE,TRUE
23,413,CoilPerformance:DX:Cooling,COILPERFORMANCE:DX:COOLING,TRUE
23,414,Coil:Cooling:DX:VariableRefrigerantFlow,COIL:COOLING:DX:VARIABLEREFRIGERANTFLOW,TRUE
23,415,Coil:Heating:DX:VariableRefrigerantFlow,COIL:HEATING:DX:VARIABLEREFRIGERANTFLOW,TRUE
23,416,Coil:Heating:Water,COIL:HEATING:WATER,TRUE
23,417,Coil:Heating:Steam,COIL:HEATING:STEAM,TRUE
23,418,Coil:Heating:Electric,COIL:HEATING:ELECTRIC,TRUE
23,419,Coil:Heating:Gas,COIL:HEATING:GAS,TRUE
23,420,Coil:Heating:Electric:MultiStage,COIL:HEATING:ELECTRIC:MULTISTAGE,TRUE
23,421,Coil:Heating:Desuperheater,COIL:HEATING:DESUPERHEATER,TRUE
23,422,Coil:Heating:DX:SingleSpeed,COIL:HEATING:DX:SINGLESPEED,TRUE
23,423,Coil:Heating:Gas:MultiStage,COIL:HEATING:GAS:MULTISTAGE,TRUE
23,424,Coil:Heating:DX:MultiSpeed,COIL:HEATING:DX:MULTISPEED,TRUE
23,425,Coil:Heating:DX:VariableSpeed,COIL:HEATING:DX:VARIABLESPEED,TRUE
23,426,Coil:Cooling:WaterToAirHeatPump:ParameterEstimation,COIL:COOLING:WATERTOAIRHEATPUMP:PARAMETERESTIMATION,TRUE
23,427,Coil:Heating:WaterToAirHeatPump:ParameterEstimation,COIL:HEATING:WATERTOAIRHEATPUMP:PARAMETERESTIMATION,TRUE
23,428,Coil:Cooling:WaterToAirHeatPump:EquationFit,COIL:COOLING:WATERTOAIRHEATPUMP:EQUATIONFIT,TRUE
23,429,Coil:Cooling:WaterToAirHeatPump:VariableSpeedEquationFit,COIL:COOLING:WATERTOAIRHEATPUMP:VARIABLESPEEDEQUATIONFIT,TRUE
23,430,Coil:Heating:WaterToAirHeatPump:EquationFit,COIL:HEATING:WATERTOAIRHEATPUMP:EQUATIONFIT,TRUE
23,431,Coil:Heating:WaterToAirHeatPump:VariableSpeedEquationFit,COIL:HEATING:WATERTOAIRHEATPUMP:VARIABLESPEEDEQUATIONFIT,TRUE
23,432,Coil:WaterHeating:AirToWaterHeatPump,COIL:WATERHEATING:AIRTOWATERHEATPUMP,TRUE
23,433,Coil:WaterHeating:Desuperheater,COIL:WATERHEATING:DESUPERHEATER,TRUE
23,434,CoilSystem:Cooling:DX,COILSYSTEM:COOLING:DX,TRUE
23,435,CoilSystem:Heating:DX,COILSYSTEM:HEATING:DX,TRUE
23,436,CoilSystem:Cooling:Water:HeatExchangerAssisted,COILSYSTEM:COOLING:WATER:HEATEXCHANGERASSISTED,TRUE
23,437,CoilSystem:Cooling:DX:HeatExchangerAssisted,COILSYSTEM:COOLING:DX:HEATEXCHANGERASSISTED,TRUE
23,438,Coil:Cooling:DX:VariableRefrigerantFlow:FluidTemperatureControl,COIL:COOLING:DX:VARIABLEREFRIGERANTFLOW:FLUIDTEMPERATURECONTROL,TRUE
23,439,Coil:Heating:DX:VariableRefrigerantFlow:FluidTemperatureControl,COIL:HEATING:DX:VARIABLEREFRIGERANTFLOW:FLUIDTEMPERATURECONTROL,TRUE
23,440,Coil:Cooling:DX:SingleSpeed:ThermalStorage,COIL:COOLING:DX:SINGLESPEED:THERMALSTORAGE,TRUE
23,441,Coil:Heating:Fuel,COIL:HEATING:FUEL,TRUE
23,442,Coil:Cooling:DX,COIL:COOLING:DX,TRUE
23,443,Coil:Cooling:DX:CurveFit:Performance,COIL:COOLING:DX:CURVEFIT:PERFORMANCE,TRUE
23,444,Coil:Cooling:DX:CurveFit:OperatingMode,COIL:COOLING:DX:CURVEFIT:OPERATINGMODE,TRUE
23,445,Coil:Cooling:DX:CurveFit:Speed,COIL:COOLING:DX:CURVEFIT:SPEED,TRUE
23,446,Coil:WaterHeating:AirToWaterHeatPump:Pumped,COIL:WATERHEATING:AIRTOWATERHEATPUMP:PUMPED,TRUE
23,447,Coil:WaterHeating:AirToWaterHeatPump:Wrapped,COIL:WATERHEATING:AIRTOWATERHEATPUMP:WRAPPED,TRUE
23,448,Coil:WaterHeating:AirToWaterHeatPump:VariableSpeed,COIL:WATERHEATING:AIRTOWATERHEATPUMP:VARIABLESPEED,TRUE
23,449,CoilSystem:IntegratedHeatPump:AirSource,COILSYSTEM:INTEGRATEDHEATPUMP:AIRSOURCE,TRUE
24,450,EvaporativeCooler:Direct:CelDekPad,EVAPORATIVECOOLER:DIRECT:CELDEKPAD,TRUE
24,451,EvaporativeCooler:Indirect:CelDekPad,EVAPORATIVECOOLER:INDIRECT:CELDEKPAD,TRUE
24,452,EvaporativeCooler:Indirect:WetCoil,EVAPORATIVECOOLER:INDIRECT:WETCOIL,TRUE
24,453,EvaporativeCooler:Indirect:ResearchSpecial,EVAPORATIVECOOLER:INDIRECT:RESEARCHSPECIAL,TRUE
24,454,EvaporativeCooler:Direct:ResearchSpecial,EVAPORATIVECOOLER:DIRECT:RESEARCHSPECIAL,TRUE
25,455,Humidifier:Steam:Electric,HUMIDIFIER:STEAM:ELECTRIC,TRUE
25,456,Dehumidifier:Desiccant:NoFans,DEHUMIDIFIER:DESICCANT:NOFANS,TRUE
25,457,Dehumidifier:Desiccant:System,DEHUMIDIFIER:DESICCANT:SYSTEM,TRUE
25,458,Humidifier:Steam:Gas,HUMIDIFIER:STEAM:GAS,TRUE
26,459,HeatExchanger:AirToAir:FlatPlate,HEATEXCHANGER:AIRTOAIR:FLATPLATE,TRUE
26,460,HeatExchanger:AirToAir:SensibleAndLatent,HEATEXCHANGER:AIRTOAIR:SENSIBLEANDLATENT,TRUE
26,461,HeatExchanger:Desiccant:BalancedFlow,HEATEXCHANGER:DESICCANT:BALANCEDFLOW,TRUE
26,462,HeatExchanger:Desiccant:BalancedFlow:PerformanceDataType1,HEATEXCHANGER:DESICCANT:BALANCEDFLOW:PERFORMANCEDATATYPE1,TRUE
27,463,AirLoopHVAC:Unitary:Furnace:HeatOnly,AIRLOOPHVAC:UNITARY:FURNACE:HEATONLY,TRUE
27,464,AirLoopHVAC:Unitary:Furnace:HeatCool,AIRLOOPHVAC:UNITARY:FURNACE:HEATCOOL,TRUE
27,465,AirLoopHVAC:UnitaryHeatOnly,AIRLOOPHVAC:UNITARYHEATONLY,TRUE
27,466,AirLoopHVAC:UnitaryHeatCool,AIRLOOPHVAC:UNITARYHEATCOOL,TRUE
27,467,AirLoopHVAC:UnitaryHeatPump:AirToAir,AIRLOOPHVAC:UNITARYHEATPUMP:AIRTOAIR,TRUE
27,468,AirLoopHVAC:UnitaryHeatPump:WaterToAir,AIRLOOPHVAC:UNITARYHEATPUMP:WATERTOAIR,TRUE
27,469,AirLoopHVAC:UnitaryHeatCool:VAVChangeoverBypass,AIRLOOPHVAC:UNITARYHEATCOOL:VAVCHANGEOVERBYPASS,TRUE
27,470,AirLoopHVAC:UnitaryHeatPump:AirToAir:MultiSpeed,AIRLOOPHVAC:UNITARYHEATPUMP:AIRTOAIR:MULTISPEED,TRUE
27,471,AirLoopHVAC:UnitarySystem,AIRLOOPHVAC:UNITARYSYSTEM,TRUE
27,472,UnitarySystemPerformance:HeatPump:Multispeed,UNITARYSYSTEMPERFORMANCE:HEATPUMP:MULTISPEED,TRUE
27,473,UnitarySystemPerformance:Multispeed,UNITARYSYSTEMPERFORMANCE:MULTISPEED,TRUE
28,474,AirConditioner:VariableRefrigerantFlow,AIRCONDITIONER:VARIABLEREFRIGERANTFLOW,FALSE
28,475,ZoneTerminalUnitList,ZONETERMINALUNITLIST,TRUE
28,476,AirConditioner:VariableRefrigerantFlow:FluidTemperatureControl,AIRCONDITIONER:VARIABLEREFRIGERANTFLOW:FLUIDTEMPERATURECONTROL,FALSE
28,477,AirConditioner:VariableRefrigerantFlow:FluidTemperatureControl:HR,AIRCONDITIONER:VARIABLEREFRIGERANTFLOW:FLUIDTEMPERATURECONTROL:HR,TRUE
29,478,Controller:WaterCoil,CONTROLLER:WATERCOIL,TRUE
29,479,Controller:OutdoorAir,CONTROLLER:OUTDOORAIR,TRUE
29,480,Controller:MechanicalVentilation,CONTROLLER:MECHANICALVENTILATION,TRUE
29,481,AirLoopHVAC:ControllerList,AIRLOOPHVAC:CONTROLLERLIST,TRUE
30,482,AirLoopHVAC,AIRLOOPHVAC,TRUE
30,483,AirLoopHVAC:OutdoorAirSystem:EquipmentList,AIRLOOPHVAC:OUTDOORAIRSYSTEM:EQUIPMENTLIST,TRUE
30,484,AirLoopHVAC:OutdoorAirSystem,AIRLOOPHVAC:OUTDOORAIRSYSTEM,TRUE
30,485,OutdoorAir:Mixer,OUTDOORAIR:MIXER,TRUE
30,486,AirLoopHVAC:ZoneSplitter,AIRLOOPHVAC:ZONESPLITTER,TRUE
30,487,AirLoopHVAC:SupplyPlenum,AIRLOOPHVAC:SUPPLYPLENUM,TRUE
30,488,AirLoopHVAC:SupplyPath,AIRLOOPHVAC:SUPPLYPATH,TRUE
30,489,AirLoopHVAC:ZoneMixer,AIRLOOPHVAC:ZONEMIXER,TRUE
30,490,AirLoopHVAC:ReturnPlenum,AIRLOOPHVAC:RETURNPLENUM,TRUE
30,491,AirLoopHVAC:ReturnPath,AIRLOOPHVAC:RETURNPATH,TRUE
30,492,AirLoopHVAC:DedicatedOutdoorAirSystem,AIRLOOPHVAC:DEDICATEDOUTDOORAIRSYSTEM,TRUE
30,493,AirLoopHVAC:Mixer,AIRLOOPHVAC:MIXER,TRUE
30,494,AirLoopHVAC:Splitter,AIRLOOPHVAC:SPLITTER,TRUE
31,495,Branch,BRANCH,TRUE
31,496,BranchList,BRANCHLIST,TRUE
31,497,Connector:Splitter,CONNECTOR:SPLITTER,TRUE
31,498,Connector:Mixer,CONNECTOR:MIXER,TRUE
31,499,ConnectorList,CONNECTORLIST,TRUE
31,500,NodeList,NODELIST,TRUE
31,501,OutdoorAir:Node,OUTDOORAIR:NODE,TRUE
31,502,OutdoorAir:NodeList,OUTDOORAIR:NODELIST,FALSE
31,503,Pipe:Adiabatic,PIPE:ADIABATIC,TRUE
31,504,Pipe:Adiabatic:Steam,PIPE:ADIABATIC:STEAM,TRUE
31,505,Pipe:Indoor,PIPE:INDOOR,TRUE
31,506,Pipe:Outdoor,PIPE:OUTDOOR,TRUE
31,507,Pipe:Underground,PIPE:UNDERGROUND,TRUE
31,508,PipingSystem:Underground:Domain,PIPINGSYSTEM:UNDERGROUND:DOMAIN,TRUE
31,509,PipingSystem:Underground:PipeCircuit,PIPINGSYSTEM:UNDERGROUND:PIPECIRCUIT,TRUE
31,510,PipingSystem:Underground:PipeSegment,PIPINGSYSTEM:UNDERGROUND:PIPESEGMENT,TRUE
31,511,Duct,DUCT,TRUE
32,512,Pump:VariableSpeed,PUMP:VARIABLESPEED,TRUE
32,513,Pump:ConstantSpeed,PUMP:CONSTANTSPEED,TRUE
32,514,Pump:VariableSpeed:Condensate,PUMP:VARIABLESPEED:CONDENSATE,TRUE
32,515,HeaderedPumps:ConstantSpeed,HEADEREDPUMPS:CONSTANTSPEED,TRUE
32,516,HeaderedPumps:VariableSpeed,HEADEREDPUMPS:VARIABLESPEED,TRUE
33,517,TemperingValve,TEMPERINGVALVE,TRUE
34,518,LoadProfile:Plant,LOADPROFILE:PLANT,TRUE
35,519,SolarCollectorPerformance:FlatPlate,SOLARCOLLECTORPERFORMANCE:FLATPLATE,TRUE
35,520,SolarCollector:FlatPlate:Water,SOLARCOLLECTOR:FLATPLATE:WATER,TRUE
35,521,SolarCollector:FlatPlate:PhotovoltaicThermal,SOLARCOLLECTOR:FLATPLATE:PHOTOVOLTAICTHERMAL,TRUE
35,522,SolarCollectorPerformance:PhotovoltaicThermal:Simple,SOLARCOLLECTORPERFORMANCE:PHOTOVOLTAICTHERMAL:SIMPLE,TRUE
35,523,SolarCollector:IntegralCollectorStorage,SOLARCOLLECTOR:INTEGRALCOLLECTORSTORAGE,TRUE
35,524,SolarCollectorPerformance:IntegralCollectorStorage,SOLARCOLLECTORPERFORMANCE:INTEGRALCOLLECTORSTORAGE,TRUE
35,525,SolarCollector:UnglazedTranspired,SOLARCOLLECTOR:UNGLAZEDTRANSPIRED,TRUE
35,526,SolarCollector:UnglazedTranspired:Multisystem,SOLARCOLLECTOR:UNGLAZEDTRANSPIRED:MULTISYSTEM,FALSE
36,527,Boiler:HotWater,BOILER:HOTWATER,TRUE
36,528,Boiler:Steam,BOILER:STEAM,TRUE
36,529,Chiller:Electric:EIR,CHILLER:ELECTRIC:EIR,TRUE
36,530,Chiller:Electric:ReformulatedEIR,CHILLER:ELECTRIC:REFORMULATEDEIR,TRUE
36,531,Chiller:Electric,CHILLER:ELECTRIC,TRUE
36,532,Chiller:Absorption:Indirect,CHILLER:ABSORPTION:INDIRECT,TRUE
36,533,Chiller:Absorption,CHILLER:ABSORPTION,TRUE
36,534,Chiller:ConstantCOP,CHILLER:CONSTANTCOP,TRUE
36,535,Chiller:EngineDriven,CHILLER:ENGINEDRIVEN,TRUE
36,536,Chiller:CombustionTurbine,CHILLER:COMBUSTIONTURBINE,TRUE
36,537,ChillerHeater:Absorption:DirectFired,CHILLERHEATER:ABSORPTION:DIRECTFIRED,TRUE
36,538,ChillerHeater:Absorption:DoubleEffect,CHILLERHEATER:ABSORPTION:DOUBLEEFFECT,TRUE
36,539,HeatPump:WaterToWater:EquationFit:Heating,HEATPUMP:WATERTOWATER:EQUATIONFIT:HEATING,TRUE
36,540,HeatPump:WaterToWater:EquationFit:Cooling,HEATPUMP:WATERTOWATER:EQUATIONFIT:COOLING,TRUE
36,541,HeatPump:WaterToWater:ParameterEstimation:Cooling,HEATPUMP:WATERTOWATER:PARAMETERESTIMATION:COOLING,TRUE
36,542,HeatPump:WaterToWater:ParameterEstimation:Heating,HEATPUMP:WATERTOWATER:PARAMETERESTIMATION:HEATING,TRUE
36,543,DistrictCooling,DISTRICTCOOLING,TRUE
36,544,DistrictHeating,DISTRICTHEATING,TRUE
36,545,PlantComponent:TemperatureSource,PLANTCOMPONENT:TEMPERATURESOURCE,TRUE
36,546,CentralHeatPumpSystem,CENTRALHEATPUMPSYSTEM,TRUE
36,547,ChillerHeaterPerformance:Electric:EIR,CHILLERHEATERPERFORMANCE:ELECTRIC:EIR,TRUE
36,548,HeatPump:WaterToWater:EIR:Cooling,HEATPUMP:WATERTOWATER:EIR:COOLING,TRUE
36,549,HeatPump:WaterToWater:EIR:Heating,HEATPUMP:WATERTOWATER:EIR:HEATING,TRUE
36,550,HeatPump:PlantLoop:EIR:Cooling,HEATPUMP:PLANTLOOP:EIR:COOLING,TRUE
36,551,HeatPump:PlantLoop:EIR:Heating,HEATPUMP:PLANTLOOP:EIR:HEATING,TRUE
37,552,CoolingTower:SingleSpeed,COOLINGTOWER:SINGLESPEED,TRUE
37,553,CoolingTower:TwoSpeed,COOLINGTOWER:TWOSPEED,TRUE
37,554,CoolingTower:VariableSpeed,COOLINGTOWER:VARIABLESPEED,TRUE
37,555,CoolingTowerPerformance:CoolTools,COOLINGTOWERPERFORMANCE:COOLTOOLS,TRUE
37,556,CoolingTowerPerformance:YorkCalc,COOLINGTOWERPERFORMANCE:YORKCALC,TRUE
37,557,EvaporativeFluidCooler:SingleSpeed,EVAPORATIVEFLUIDCOOLER:SINGLESPEED,TRUE
37,558,EvaporativeFluidCooler:TwoSpeed,EVAPORATIVEFLUIDCOOLER:TWOSPEED,TRUE
37,559,FluidCooler:SingleSpeed,FLUIDCOOLER:SINGLESPEED,TRUE
37,560,FluidCooler:TwoSpeed,FLUIDCOOLER:TWOSPEED,TRUE
37,561,GroundHeatExchanger:Vertical,GROUNDHEATEXCHANGER:VERTICAL,TRUE
37,562,GroundHeatExchanger:Pond,GROUNDHEATEXCHANGER:POND,TRUE
37,563,GroundHeatExchanger:Surface,GROUNDHEATEXCHANGER:SURFACE,TRUE
37,564,HeatExchanger:Hydronic,HEATEXCHANGER:HYDRONIC,TRUE
37,565,HeatExchanger:Plate,HEATEXCHANGER:PLATE,TRUE
37,566,HeatExchanger:WatersideEconomizer,HEATEXCHANGER:WATERSIDEECONOMIZER,TRUE
37,567,GroundHeatExchanger:HorizontalTrench,GROUNDHEATEXCHANGER:HORIZONTALTRENCH,TRUE
37,568,HeatExchanger:FluidToFluid,HEATEXCHANGER:FLUIDTOFLUID,TRUE
37,569,CoolingTower:VariableSpeed:Merkel,COOLINGTOWER:VARIABLESPEED:MERKEL,TRUE
37,570,GroundHeatExchanger:Slinky,GROUNDHEATEXCHANGER:SLINKY,TRUE
37,571,GroundHeatExchanger:System,GROUNDHEATEXCHANGER:SYSTEM,TRUE
37,572,GroundHeatExchanger:Vertical:Properties,GROUNDHEATEXCHANGER:VERTICAL:PROPERTIES,TRUE
37,573,GroundHeatExchanger:Vertical:Array,GROUNDHEATEXCHANGER:VERTICAL:ARRAY,TRUE
37,574,GroundHeatExchanger:Vertical:Single,GROUNDHEATEXCHANGER:VERTICAL:SINGLE,TRUE
37,575,GroundHeatExchanger:ResponseFactors,GROUNDHEATEXCHANGER:RESPONSEFACTORS,TRUE
38,576,WaterHeater:Mixed,WATERHEATER:MIXED,TRUE
38,577,WaterHeater:Stratified,WATERHEATER:STRATIFIED,TRUE
38,578,WaterHeater:Sizing,WATERHEATER:SIZING,FALSE
38,579,WaterHeater:HeatPump,WATERHEATER:HEATPUMP,TRUE
38,580,ThermalStorage:Ice:Simple,THERMALSTORAGE:ICE:SIMPLE,TRUE
38,581,ThermalStorage:Ice:Detailed,THERMALSTORAGE:ICE:DETAILED,TRUE
38,582,ThermalStorage:ChilledWater:Mixed,THERMALSTORAGE:CHILLEDWATER:MIXED,TRUE
38,583,ThermalStorage:ChilledWater:Stratified,THERMALSTORAGE:CHILLEDWATER:STRATIFIED,TRUE
38,584,WaterHeater:HeatPump:PumpedCondenser,WATERHEATER:HEATPUMP:PUMPEDCONDENSER,TRUE
38,585,WaterHeater:HeatPump:WrappedCondenser,WATERHEATER:HEATPUMP:WRAPPEDCONDENSER,TRUE
39,586,PlantLoop,PLANTLOOP,TRUE
39,587,CondenserLoop,CONDENSERLOOP,TRUE
40,588,PlantEquipmentList,PLANTEQUIPMENTLIST,TRUE
40,589,CondenserEquipmentList,CONDENSEREQUIPMENTLIST,TRUE
40,590,PlantEquipmentOperation:Uncontrolled,PLANTEQUIPMENTOPERATION:UNCONTROLLED,TRUE
40,591,PlantEquipmentOperation:CoolingLoad,PLANTEQUIPMENTOPERATION:COOLINGLOAD,TRUE
40,592,PlantEquipmentOperation:HeatingLoad,PLANTEQUIPMENTOPERATION:HEATINGLOAD,TRUE
40,593,PlantEquipmentOperation:OutdoorDryBulb,PLANTEQUIPMENTOPERATION:OUTDOORDRYBULB,TRUE
40,594,PlantEquipmentOperation:OutdoorWetBulb,PLANTEQUIPMENTOPERATION:OUTDOORWETBULB,TRUE
40,595,PlantEquipmentOperation:OutdoorRelativeHumidity,PLANTEQUIPMENTOPERATION:OUTDOORRELATIVEHUMIDITY,TRUE
40,596,PlantEquipmentOperation:OutdoorDewpoint,PLANTEQUIPMENTOPERATION:OUTDOORDEWPOINT,TRUE
40,597,PlantEquipmentOperation:ComponentSetpoint,PLANTEQUIPMENTOPERATION:COMPONENTSETPOINT,TRUE
40,598,PlantEquipmentOperation:OutdoorDryBulbDifference,PLANTEQUIPMENTOPERATION:OUTDOORDRYBULBDIFFERENCE,TRUE
40,599,PlantEquipmentOperation:OutdoorWetBulbDifference,PLANTEQUIPMENTOPERATION:OUTDOORWETBULBDIFFERENCE,TRUE
40,600,PlantEquipmentOperation:OutdoorDewpointDifference,PLANTEQUIPMENTOPERATION:OUTDOORDEWPOINTDIFFERENCE,TRUE
40,601,PlantEquipmentOperationSchemes,PLANTEQUIPMENTOPERATIONSCHEMES,TRUE
40,602,CondenserEquipmentOperationSchemes,CONDENSEREQUIPMENTOPERATIONSCHEMES,TRUE
40,603,PlantEquipmentOperation:ThermalEnergyStorage,PLANTEQUIPMENTOPERATION:THERMALENERGYSTORAGE,TRUE
41,604,EnergyManagementSystem:Sensor,ENERGYMANAGEMENTSYSTEM:SENSOR,TRUE
41,605,EnergyManagementSystem:Actuator,ENERGYMANAGEMENTSYSTEM:ACTUATOR,TRUE
41,606,EnergyManagementSystem:ProgramCallingManager,ENERGYMANAGEMENTSYSTEM:PROGRAMCALLINGMANAGER,TRUE
41,607,EnergyManagementSystem:Program,ENERGYMANAGEMENTSYSTEM:PROGRAM,TRUE
41,608,EnergyManagementSystem:Subroutine,ENERGYMANAGEMENTSYSTEM:SUBROUTINE,TRUE
41,609,EnergyManagementSystem:GlobalVariable,ENERGYMANAGEMENTSYSTEM:GLOBALVARIABLE,FALSE
41,610,EnergyManagementSystem:OutputVariable,ENERGYMANAGEMENTSYSTEM:OUTPUTVARIABLE,TRUE
41,611,EnergyManagementSystem:MeteredOutputVariable,ENERGYMANAGEMENTSYSTEM:METEREDOUTPUTVARIABLE,TRUE
41,612,EnergyManagementSystem:TrendVariable,ENERGYMANAGEMENTSYSTEM:TRENDVARIABLE,TRUE
41,613,EnergyManagementSystem:InternalVariable,ENERGYMANAGEMENTSYSTEM:INTERNALVARIABLE,TRUE
41,614,EnergyManagementSystem:CurveOrTableIndexVariable,ENERGYMANAGEMENTSYSTEM:CURVEORTABLEINDEXVARIABLE,TRUE
41,615,EnergyManagementSystem:ConstructionIndexVariable,ENERGYMANAGEMENTSYSTEM:CONSTRUCTIONINDEXVARIABLE,TRUE
42,616,ExternalInterface,EXTERNALINTERFACE,FALSE
42,617,ExternalInterface:Schedule,EXTERNALINTERFACE:SCHEDULE,TRUE
42,618,ExternalInterface:Variable,EXTERNALINTERFACE:VARIABLE,TRUE
42,619,ExternalInterface:Actuator,EXTERNALINTERFACE:ACTUATOR,TRUE
42,620,ExternalInterface:FunctionalMockupUnitImport,EXTERNALINTERFACE:FUNCTIONALMOCKUPUNITIMPORT,TRUE
42,621,ExternalInterface:FunctionalMockupUnitImport:From:Variable,EXTERNALINTERFACE:FUNCTIONALMOCKUPUNITIMPORT:FROM:VARIABLE,FALSE
42,622,ExternalInterface:FunctionalMockupUnitImport:To:Schedule,EXTERNALINTERFACE:FUNCTIONALMOCKUPUNITIMPORT:TO:SCHEDULE,TRUE
42,623,ExternalInterface:FunctionalMockupUnitImport:To:Actuator,EXTERNALINTERFACE:FUNCTIONALMOCKUPUNITIMPORT:TO:ACTUATOR,FALSE
42,624,ExternalInterface:FunctionalMockupUnitImport:To:Variable,EXTERNALINTERFACE:FUNCTIONALMOCKUPUNITIMPORT:TO:VARIABLE,FALSE
42,625,ExternalInterface:FunctionalMockupUnitExport:From:Variable,EXTERNALINTERFACE:FUNCTIONALMOCKUPUNITEXPORT:FROM:VARIABLE,FALSE
42,626,ExternalInterface:FunctionalMockupUnitExport:To:Schedule,EXTERNALINTERFACE:FUNCTIONALMOCKUPUNITEXPORT:TO:SCHEDULE,TRUE
42,627,ExternalInterface:FunctionalMockupUnitExport:To:Actuator,EXTERNALINTERFACE:FUNCTIONALMOCKUPUNITEXPORT:TO:ACTUATOR,TRUE
42,628,ExternalInterface:FunctionalMockupUnitExport:To:Variable,EXTERNALINTERFACE:FUNCTIONALMOCKUPUNITEXPORT:TO:VARIABLE,TRUE
43,629,ZoneHVAC:ForcedAir:UserDefined,ZONEHVAC:FORCEDAIR:USERDEFINED,TRUE
43,630,AirTerminal:SingleDuct:UserDefined,AIRTERMINAL:SINGLEDUCT:USERDEFINED,TRUE
43,631,Coil:UserDefined,COIL:USERDEFINED,TRUE
43,632,PlantComponent:UserDefined,PLANTCOMPONENT:USERDEFINED,TRUE
43,633,PlantEquipmentOperation:UserDefined,PLANTEQUIPMENTOPERATION:USERDEFINED,TRUE
44,634,AvailabilityManager:Scheduled,AVAILABILITYMANAGER:SCHEDULED,TRUE
44,635,AvailabilityManager:ScheduledOn,AVAILABILITYMANAGER:SCHEDULEDON,TRUE
44,636,AvailabilityManager:ScheduledOff,AVAILABILITYMANAGER:SCHEDULEDOFF,TRUE
44,637,AvailabilityManager:NightCycle,AVAILABILITYMANAGER:NIGHTCYCLE,TRUE
44,638,AvailabilityManager:DifferentialThermostat,AVAILABILITYMANAGER:DIFFERENTIALTHERMOSTAT,TRUE
44,639,AvailabilityManager:HighTemperatureTurnOff,AVAILABILITYMANAGER:HIGHTEMPERATURETURNOFF,TRUE
44,640,AvailabilityManager:HighTemperatureTurnOn,AVAILABILITYMANAGER:HIGHTEMPERATURETURNON,TRUE
44,641,AvailabilityManager:LowTemperatureTurnOff,AVAILABILITYMANAGER:LOWTEMPERATURETURNOFF,TRUE
44,642,AvailabilityManager:LowTemperatureTurnOn,AVAILABILITYMANAGER:LOWTEMPERATURETURNON,TRUE
44,643,AvailabilityManager:NightVentilation,AVAILABILITYMANAGER:NIGHTVENTILATION,TRUE
44,644,AvailabilityManager:HybridVentilation,AVAILABILITYMANAGER:HYBRIDVENTILATION,TRUE
44,645,AvailabilityManagerAssignmentList,AVAILABILITYMANAGERASSIGNMENTLIST,TRUE
44,646,AvailabilityManager:OptimumStart,AVAILABILITYMANAGER:OPTIMUMSTART,TRUE
45,647,SetpointManager:Scheduled,SETPOINTMANAGER:SCHEDULED,TRUE
45,648,SetpointManager:Scheduled:DualSetpoint,SETPOINTMANAGER:SCHEDULED:DUALSETPOINT,TRUE
45,649,SetpointManager:OutdoorAirReset,SETPOINTMANAGER:OUTDOORAIRRESET,TRUE
45,650,SetpointManager:SingleZone:Reheat,SETPOINTMANAGER:SINGLEZONE:REHEAT,TRUE
45,651,SetpointManager:SingleZone:Heating,SETPOINTMANAGER:SINGLEZONE:HEATING,TRUE
45,652,SetpointManager:SingleZone:Cooling,SETPOINTMANAGER:SINGLEZONE:COOLING,TRUE
45,653,SetpointManager:SingleZone:Humidity:Minimum,SETPOINTMANAGER:SINGLEZONE:HUMIDITY:MINIMUM,TRUE
45,654,SetpointManager:SingleZone:Humidity:Maximum,SETPOINTMANAGER:SINGLEZONE:HUMIDITY:MAXIMUM,TRUE
45,655,SetpointManager:MixedAir,SETPOINTMANAGER:MIXEDAIR,TRUE
45,656,SetpointManager:OutdoorAirPretreat,SETPOINTMANAGER:OUTDOORAIRPRETREAT,TRUE
45,657,SetpointManager:Warmest,SETPOINTMANAGER:WARMEST,TRUE
45,658,SetpointManager:Coldest,SETPOINTMANAGER:COLDEST,TRUE
45,659,SetpointManager:ReturnAirBypassFlow,SETPOINTMANAGER:RETURNAIRBYPASSFLOW,TRUE
45,660,SetpointManager:WarmestTemperatureFlow,SETPOINTMANAGER:WARMESTTEMPERATUREFLOW,TRUE
45,661,SetpointManager:MultiZone:Heating:Average,SETPOINTMANAGER:MULTIZONE:HEATING:AVERAGE,TRUE
45,662,SetpointManager:MultiZone:Cooling:Average,SETPOINTMANAGER:MULTIZONE:COOLING:AVERAGE,TRUE
45,663,SetpointManager:MultiZone:MinimumHumidity:Average,SETPOINTMANAGER:MULTIZONE:MINIMUMHUMIDITY:AVERAGE,TRUE
45,664,SetpointManager:MultiZone:MaximumHumidity:Average,SETPOINTMANAGER:MULTIZONE:MAXIMUMHUMIDITY:AVERAGE,TRUE
45,665,SetpointManager:MultiZone:Humidity:Minimum,SETPOINTMANAGER:MULTIZONE:HUMIDITY:MINIMUM,TRUE
45,666,SetpointManager:MultiZone:Humidity:Maximum,SETPOINTMANAGER:MULTIZONE:HUMIDITY:MAXIMUM,TRUE
45,667,SetpointManager:FollowOutdoorAirTemperature,SETPOINTMANAGER:FOLLOWOUTDOORAIRTEMPERATURE,TRUE
45,668,SetpointManager:FollowSystemNodeTemperature,SETPOINTMANAGER:FOLLOWSYSTEMNODETEMPERATURE,TRUE
45,669,SetpointManager:FollowGroundTemperature,SETPOINTMANAGER:FOLLOWGROUNDTEMPERATURE,TRUE
45,670,SetpointManager:CondenserEnteringReset,SETPOINTMANAGER:CONDENSERENTERINGRESET,TRUE
45,671,SetpointManager:CondenserEnteringReset:Ideal,SETPOINTMANAGER:CONDENSERENTERINGRESET:IDEAL,TRUE
45,672,SetpointManager:SingleZone:OneStageCooling,SETPOINTMANAGER:SINGLEZONE:ONESTAGECOOLING,TRUE
45,673,SetpointManager:SingleZone:OneStageHeating,SETPOINTMANAGER:SINGLEZONE:ONESTAGEHEATING,TRUE
45,674,SetpointManager:ReturnTemperature:ChilledWater,SETPOINTMANAGER:RETURNTEMPERATURE:CHILLEDWATER,TRUE
45,675,SetpointManager:ReturnTemperature:HotWater,SETPOINTMANAGER:RETURNTEMPERATURE:HOTWATER,TRUE
46,676,Refrigeration:Case,REFRIGERATION:CASE,TRUE
46,677,Refrigeration:CompressorRack,REFRIGERATION:COMPRESSORRACK,TRUE
46,678,Refrigeration:CaseAndWalkInList,REFRIGERATION:CASEANDWALKINLIST,TRUE
46,679,Refrigeration:Condenser:AirCooled,REFRIGERATION:CONDENSER:AIRCOOLED,TRUE
46,680,Refrigeration:Condenser:EvaporativeCooled,REFRIGERATION:CONDENSER:EVAPORATIVECOOLED,TRUE
46,681,Refrigeration:Condenser:WaterCooled,REFRIGERATION:CONDENSER:WATERCOOLED,TRUE
46,682,Refrigeration:Condenser:Cascade,REFRIGERATION:CONDENSER:CASCADE,TRUE
46,683,Refrigeration:GasCooler:AirCooled,REFRIGERATION:GASCOOLER:AIRCOOLED,TRUE
46,684,Refrigeration:TransferLoadList,REFRIGERATION:TRANSFERLOADLIST,TRUE
46,685,Refrigeration:Subcooler,REFRIGERATION:SUBCOOLER,TRUE
46,686,Refrigeration:Compressor,REFRIGERATION:COMPRESSOR,TRUE
46,687,Refrigeration:CompressorList,REFRIGERATION:COMPRESSORLIST,TRUE
46,688,Refrigeration:System,REFRIGERATION:SYSTEM,TRUE
46,689,Refrigeration:TranscriticalSystem,REFRIGERATION:TRANSCRITICALSYSTEM,TRUE
46,690,Refrigeration:SecondarySystem,REFRIGERATION:SECONDARYSYSTEM,TRUE
46,691,Refrigeration:WalkIn,REFRIGERATION:WALKIN,TRUE
46,692,Refrigeration:AirChiller,REFRIGERATION:AIRCHILLER,TRUE
46,693,ZoneHVAC:RefrigerationChillerSet,ZONEHVAC:REFRIGERATIONCHILLERSET,TRUE
47,694,DemandManager:ExteriorLights,DEMANDMANAGER:EXTERIORLIGHTS,TRUE
47,695,DemandManager:Lights,DEMANDMANAGER:LIGHTS,TRUE
47,696,DemandManager:ElectricEquipment,DEMANDMANAGER:ELECTRICEQUIPMENT,TRUE
47,697,DemandManager:Thermostats,DEMANDMANAGER:THERMOSTATS,TRUE
47,698,DemandManagerAssignmentList,DEMANDMANAGERASSIGNMENTLIST,TRUE
47,699,DemandManager:Ventilation,DEMANDMANAGER:VENTILATION,TRUE
48,700,Generator:InternalCombustionEngine,GENERATOR:INTERNALCOMBUSTIONENGINE,TRUE
48,701,Generator:CombustionTurbine,GENERATOR:COMBUSTIONTURBINE,TRUE
48,702,Generator:MicroTurbine,GENERATOR:MICROTURBINE,TRUE
48,703,Generator:Photovoltaic,GENERATOR:PHOTOVOLTAIC,TRUE
48,704,PhotovoltaicPerformance:Simple,PHOTOVOLTAICPERFORMANCE:SIMPLE,TRUE
48,705,PhotovoltaicPerformance:EquivalentOne-Diode,PHOTOVOLTAICPERFORMANCE:EQUIVALENTONE-DIODE,TRUE
48,706,PhotovoltaicPerformance:Sandia,PHOTOVOLTAICPERFORMANCE:SANDIA,TRUE
48,707,Generator:FuelCell,GENERATOR:FUELCELL,TRUE
48,708,Generator:FuelCell:PowerModule,GENERATOR:FUELCELL:POWERMODULE,TRUE
48,709,Generator:FuelCell:AirSupply,GENERATOR:FUELCELL:AIRSUPPLY,TRUE
48,710,Generator:FuelCell:WaterSupply,GENERATOR:FUELCELL:WATERSUPPLY,TRUE
48,711,Generator:FuelCell:AuxiliaryHeater,GENERATOR:FUELCELL:AUXILIARYHEATER,TRUE
48,712,Generator:FuelCell:ExhaustGasToWaterHeatExchanger,GENERATOR:FUELCELL:EXHAUSTGASTOWATERHEATEXCHANGER,TRUE
48,713,Generator:FuelCell:ElectricalStorage,GENERATOR:FUELCELL:ELECTRICALSTORAGE,TRUE
48,714,Generator:FuelCell:Inverter,GENERATOR:FUELCELL:INVERTER,TRUE
48,715,Generator:FuelCell:StackCooler,GENERATOR:FUELCELL:STACKCOOLER,TRUE
48,716,Generator:MicroCHP,GENERATOR:MICROCHP,TRUE
48,717,Generator:MicroCHP:NonNormalizedParameters,GENERATOR:MICROCHP:NONNORMALIZEDPARAMETERS,TRUE
48,718,Generator:FuelSupply,GENERATOR:FUELSUPPLY,TRUE
48,719,Generator:WindTurbine,GENERATOR:WINDTURBINE,TRUE
48,720,ElectricLoadCenter:Generators,ELECTRICLOADCENTER:GENERATORS,TRUE
48,721,ElectricLoadCenter:Inverter:Simple,ELECTRICLOADCENTER:INVERTER:SIMPLE,TRUE
48,722,ElectricLoadCenter:Inverter:FunctionOfPower,ELECTRICLOADCENTER:INVERTER:FUNCTIONOFPOWER,TRUE
48,723,ElectricLoadCenter:Inverter:LookUpTable,ELECTRICLOADCENTER:INVERTER:LOOKUPTABLE,TRUE
48,724,ElectricLoadCenter:Storage:Simple,ELECTRICLOADCENTER:STORAGE:SIMPLE,TRUE
48,725,ElectricLoadCenter:Storage:Battery,ELECTRICLOADCENTER:STORAGE:BATTERY,TRUE
48,726,ElectricLoadCenter:Transformer,ELECTRICLOADCENTER:TRANSFORMER,TRUE
48,727,ElectricLoadCenter:Distribution,ELECTRICLOADCENTER:DISTRIBUTION,TRUE
48,728,ElectricLoadCenter:Storage:Converter,ELECTRICLOADCENTER:STORAGE:CONVERTER,TRUE
48,729,Generator:PVWatts,GENERATOR:PVWATTS,TRUE
48,730,ElectricLoadCenter:Inverter:PVWatts,ELECTRICLOADCENTER:INVERTER:PVWATTS,TRUE
49,731,WaterUse:Equipment,WATERUSE:EQUIPMENT,TRUE
49,732,WaterUse:Connections,WATERUSE:CONNECTIONS,TRUE
49,733,WaterUse:Storage,WATERUSE:STORAGE,TRUE
49,734,WaterUse:Well,WATERUSE:WELL,TRUE
49,735,WaterUse:RainCollector,WATERUSE:RAINCOLLECTOR,TRUE
50,736,Matrix:TwoDimension,MATRIX:TWODIMENSION,TRUE
50,737,FaultModel:TemperatureSensorOffset:OutdoorAir,FAULTMODEL:TEMPERATURESENSOROFFSET:OUTDOORAIR,TRUE
50,738,FaultModel:HumiditySensorOffset:OutdoorAir,FAULTMODEL:HUMIDITYSENSOROFFSET:OUTDOORAIR,TRUE
50,739,FaultModel:EnthalpySensorOffset:OutdoorAir,FAULTMODEL:ENTHALPYSENSOROFFSET:OUTDOORAIR,TRUE
50,740,FaultModel:PressureSensorOffset:OutdoorAir,FAULTMODEL:PRESSURESENSOROFFSET:OUTDOORAIR,TRUE
50,741,FaultModel:TemperatureSensorOffset:ReturnAir,FAULTMODEL:TEMPERATURESENSOROFFSET:RETURNAIR,TRUE
50,742,FaultModel:EnthalpySensorOffset:ReturnAir,FAULTMODEL:ENTHALPYSENSOROFFSET:RETURNAIR,TRUE
50,743,FaultModel:Fouling:Coil,FAULTMODEL:FOULING:COIL,TRUE
50,744,FaultModel:ThermostatOffset,FAULTMODEL:THERMOSTATOFFSET,TRUE
50,745,FaultModel:HumidistatOffset,FAULTMODEL:HUMIDISTATOFFSET,TRUE
50,746,FaultModel:Fouling:AirFilter,FAULTMODEL:FOULING:AIRFILTER,TRUE
50,747,FaultModel:TemperatureSensorOffset:ChillerSupplyWater,FAULTMODEL:TEMPERATURESENSOROFFSET:CHILLERSUPPLYWATER,TRUE
50,748,FaultModel:TemperatureSensorOffset:CoilSupplyAir,FAULTMODEL:TEMPERATURESENSOROFFSET:COILSUPPLYAIR,TRUE
50,749,FaultModel:TemperatureSensorOffset:CondenserSupplyWater,FAULTMODEL:TEMPERATURESENSOROFFSET:CONDENSERSUPPLYWATER,TRUE
50,750,FaultModel:Fouling:Boiler,FAULTMODEL:FOULING:BOILER,TRUE
50,751,FaultModel:Fouling:EvaporativeCooler,FAULTMODEL:FOULING:EVAPORATIVECOOLER,TRUE
50,752,FaultModel:Fouling:Chiller,FAULTMODEL:FOULING:CHILLER,TRUE
50,753,FaultModel:Fouling:CoolingTower,FAULTMODEL:FOULING:COOLINGTOWER,TRUE
51,754,Curve:Linear,CURVE:LINEAR,TRUE
51,755,Curve:QuadLinear,CURVE:QUADLINEAR,TRUE
51,756,Curve:Quadratic,CURVE:QUADRATIC,TRUE
51,757,Curve:Cubic,CURVE:CUBIC,TRUE
51,758,Curve:Quartic,CURVE:QUARTIC,TRUE
51,759,Curve:Exponent,CURVE:EXPONENT,TRUE
51,760,Curve:Bicubic,CURVE:BICUBIC,TRUE
51,761,Curve:Biquadratic,CURVE:BIQUADRATIC,TRUE
51,762,Curve:QuadraticLinear,CURVE:QUADRATICLINEAR,TRUE
51,763,Curve:Triquadratic,CURVE:TRIQUADRATIC,TRUE
51,764,Curve:Functional:PressureDrop,CURVE:FUNCTIONAL:PRESSUREDROP,TRUE
51,765,Curve:FanPressureRise,CURVE:FANPRESSURERISE,TRUE
51,766,Curve:ExponentialSkewNormal,CURVE:EXPONENTIALSKEWNORMAL,TRUE
51,767,Curve:Sigmoid,CURVE:SIGMOID,TRUE
51,768,Curve:RectangularHyperbola1,CURVE:RECTANGULARHYPERBOLA1,TRUE
51,769,Curve:RectangularHyperbola2,CURVE:RECTANGULARHYPERBOLA2,TRUE
51,770,Curve:ExponentialDecay,CURVE:EXPONENTIALDECAY,TRUE
51,771,Curve:DoubleExponentialDecay,CURVE:DOUBLEEXPONENTIALDECAY,TRUE
52,772,Table:OneIndependentVariable,TABLE:ONEINDEPENDENTVARIABLE,TRUE
52,773,Table:TwoIndependentVariables,TABLE:TWOINDEPENDENTVARIABLES,TRUE
52,774,Table:MultiVariableLookup,TABLE:MULTIVARIABLELOOKUP,TRUE
52,775,Curve:CubicLinear,CURVE:CUBICLINEAR,TRUE
52,776,Curve:ChillerPartLoadWithLift,CURVE:CHILLERPARTLOADWITHLIFT,TRUE
52,777,HybridModel:Zone,HYBRIDMODEL:ZONE,TRUE
53,778,FluidProperties:Name,FLUIDPROPERTIES:NAME,TRUE
53,779,FluidProperties:GlycolConcentration,FLUIDPROPERTIES:GLYCOLCONCENTRATION,TRUE
53,780,FluidProperties:Temperatures,FLUIDPROPERTIES:TEMPERATURES,TRUE
53,781,FluidProperties:Saturated,FLUIDPROPERTIES:SATURATED,FALSE
53,782,FluidProperties:Superheated,FLUIDPROPERTIES:SUPERHEATED,FALSE
53,783,FluidProperties:Concentration,FLUIDPROPERTIES:CONCENTRATION,FALSE
54,784,CurrencyType,CURRENCYTYPE,FALSE
54,785,ComponentCost:Adjustments,COMPONENTCOST:ADJUSTMENTS,FALSE
54,786,ComponentCost:Reference,COMPONENTCOST:REFERENCE,FALSE
54,787,ComponentCost:LineItem,COMPONENTCOST:LINEITEM,TRUE
54,788,UtilityCost:Tariff,UTILITYCOST:TARIFF,TRUE
54,789,UtilityCost:Qualify,UTILITYCOST:QUALIFY,TRUE
54,790,UtilityCost:Charge:Simple,UTILITYCOST:CHARGE:SIMPLE,TRUE
54,791,UtilityCost:Charge:Block,UTILITYCOST:CHARGE:BLOCK,TRUE
54,792,UtilityCost:Ratchet,UTILITYCOST:RATCHET,TRUE
54,793,UtilityCost:Variable,UTILITYCOST:VARIABLE,TRUE
54,794,UtilityCost:Computation,UTILITYCOST:COMPUTATION,TRUE
54,795,LifeCycleCost:Parameters,LIFECYCLECOST:PARAMETERS,TRUE
54,796,LifeCycleCost:RecurringCosts,LIFECYCLECOST:RECURRINGCOSTS,TRUE
54,797,LifeCycleCost:NonrecurringCost,LIFECYCLECOST:NONRECURRINGCOST,TRUE
54,798,LifeCycleCost:UsePriceEscalation,LIFECYCLECOST:USEPRICEESCALATION,TRUE
54,799,LifeCycleCost:UseAdjustment,LIFECYCLECOST:USEADJUSTMENT,TRUE
54,800,Table:IndependentVariable,TABLE:INDEPENDENTVARIABLE,TRUE
54,801,Table:IndependentVariableList,TABLE:INDEPENDENTVARIABLELIST,TRUE
54,802,Table:Lookup,TABLE:LOOKUP,TRUE
55,803,Parametric:SetValueForRun,PARAMETRIC:SETVALUEFORRUN,TRUE
55,804,Parametric:Logic,PARAMETRIC:LOGIC,FALSE
55,805,Parametric:RunControl,PARAMETRIC:RUNCONTROL,TRUE
55,806,Parametric:FileNameSuffix,PARAMETRIC:FILENAMESUFFIX,FALSE
56,807,Output:VariableDictionary,OUTPUT:VARIABLEDICTIONARY,FALSE
56,808,Output:Surfaces:List,OUTPUT:SURFACES:LIST,FALSE
56,809,Output:Surfaces:Drawing,OUTPUT:SURFACES:DRAWING,FALSE
56,810,Output:Schedules,OUTPUT:SCHEDULES,FALSE
56,811,Output:Constructions,OUTPUT:CONSTRUCTIONS,FALSE
56,812,Output:EnergyManagementSystem,OUTPUT:ENERGYMANAGEMENTSYSTEM,FALSE
56,813,OutputControl:SurfaceColorScheme,OUTPUTCONTROL:SURFACECOLORSCHEME,TRUE
56,814,Output:Table:SummaryReports,OUTPUT:TABLE:SUMMARYREPORTS,FALSE
56,815,Output:Table:TimeBins,OUTPUT:TABLE:TIMEBINS,FALSE
56,816,Output:Table:Monthly,OUTPUT:TABLE:MONTHLY,TRUE
56,817,OutputControl:Table:Style,OUTPUTCONTROL:TABLE:STYLE,FALSE
56,818,OutputControl:ReportingTolerances,OUTPUTCONTROL:REPORTINGTOLERANCES,FALSE
56,819,Output:Variable,OUTPUT:VARIABLE,FALSE
56,820,Output:Meter,OUTPUT:METER,FALSE
56,821,Output:Meter:MeterFileOnly,OUTPUT:METER:METERFILEONLY,FALSE
56,822,Output:Meter:Cumulative,OUTPUT:METER:CUMULATIVE,FALSE
56,823,Output:Meter:Cumulative:MeterFileOnly,OUTPUT:METER:CUMULATIVE:METERFILEONLY,FALSE
56,824,Meter:Custom,METER:CUSTOM,TRUE
56,825,Meter:CustomDecrement,METER:CUSTOMDECREMENT,TRUE
56,826,Output:SQLite,OUTPUT:SQLITE,FALSE
56,827,Output:EnvironmentalImpactFactors,OUTPUT:ENVIRONMENTALIMPACTFACTORS,FALSE
56,828,EnvironmentalImpactFactors,ENVIRONMENTALIMPACTFACTORS,FALSE
56,829,FuelFactors,FUELFACTORS,FALSE
56,830,Output:Diagnostics,OUTPUT:DIAGNOSTICS,FALSE
56,831,Output:DebuggingData,OUTPUT:DEBUGGINGDATA,FALSE
56,832,Output:PreprocessorMessage,OUTPUT:PREPROCESSORMESSAGE,FALSE
57,833,Output:Table:Annual,OUTPUT:TABLE:ANNUAL,TRUE
58,834,Output:JSON,OUTPUT:JSON,FALSE
58,835,OutputControl:Files,OUTPUTCONTROL:FILES,FALSE
59,836,PythonPlugin:SearchPaths,PYTHONPLUGIN:SEARCHPATHS,TRUE
59,837,PythonPlugin:Instance,PYTHONPLUGIN:INSTANCE,TRUE
59,838,PythonPlugin:Variables,PYTHONPLUGIN:VARIABLES,TRUE
59,839,PythonPlugin:TrendVariable,PYTHONPLUGIN:TRENDVARIABLE,TRUE
59,840,PythonPlugin:OutputVariable,PYTHONPLUGIN:OUTPUTVARIABLE,TRUE
